rev_user_id,avg_stars_year_1,avg_stars_year_3,star_change,user_id,user_name
SXiN6Rkcv8RAn0sB308_xg,5.0,1.0,-4.0,SXiN6Rkcv8RAn0sB308_xg,Joe
RNSMuwdio8aoAalSjGLE8w,5.0,1.0,-4.0,RNSMuwdio8aoAalSjGLE8w,Megan
x4KtqwnXwr3DQe5f4CH9tA,5.0,1.0,-4.0,x4KtqwnXwr3DQe5f4CH9tA,Andrea
v_S39Ceob4IFRXkCCbNtOQ,5.0,1.0,-4.0,v_S39Ceob4IFRXkCCbNtOQ,Robert
UWkxtns0-z3oFWk7xbakzA,5.0,1.0,-4.0,UWkxtns0-z3oFWk7xbakzA,Barry
RP0Cway_5DnZWpGYJmbBcw,5.0,1.0,-4.0,RP0Cway_5DnZWpGYJmbBcw,Michelle
USo-V3V0Id-F-_KBomtTIw,5.0,1.0,-4.0,USo-V3V0Id-F-_KBomtTIw,Elizabeth
CQRZPS7hnk7hBXp-UmgsqQ,5.0,1.0,-4.0,CQRZPS7hnk7hBXp-UmgsqQ,Ana
wyLEvT5_icNAnf-WxjcObg,5.0,1.0,-4.0,wyLEvT5_icNAnf-WxjcObg,Evan
RTNzZHsuyVH0dWIiT4Xu5Q,5.0,1.0,-4.0,RTNzZHsuyVH0dWIiT4Xu5Q,Cindy
UUHDT_NRWK33Jg2i-ftbXQ,5.0,1.0,-4.0,UUHDT_NRWK33Jg2i-ftbXQ,Kaili
SmEMM6z8riqOBjtkMurt-A,5.0,1.0,-4.0,SmEMM6z8riqOBjtkMurt-A,Vicki
-H2Ja5gFeGsPrEq9o_ufiA,5.0,1.0,-4.0,-H2Ja5gFeGsPrEq9o_ufiA,Jena
vWIJB9ScDw2kF4NlmXbCUQ,5.0,1.0,-4.0,vWIJB9ScDw2kF4NlmXbCUQ,Cassidy
UUgfAyU-elYeRQsV52v04g,5.0,1.0,-4.0,UUgfAyU-elYeRQsV52v04g,Brenda
Sp5ChKiXxW-Waqbs23ByBg,5.0,1.0,-4.0,Sp5ChKiXxW-Waqbs23ByBg,Natalie
-af1gLyiYIV7vPPzAwcFVA,5.0,1.0,-4.0,-af1gLyiYIV7vPPzAwcFVA,Michael
-8Vf9roRMLb-_vxmM347Pg,5.0,1.0,-4.0,-8Vf9roRMLb-_vxmM347Pg,Bryana
wyfx1aWF3J20pytS_Pik1Q,5.0,1.0,-4.0,wyfx1aWF3J20pytS_Pik1Q,B
SreXALLL-xgHo92UKkXckA,5.0,1.0,-4.0,SreXALLL-xgHo92UKkXckA,Brit
-aw2pafow4NVZBuIjFw7UA,5.0,1.0,-4.0,-aw2pafow4NVZBuIjFw7UA,Dani
-Beh_JogeOnPlQ2ccNwZRQ,5.0,1.0,-4.0,-Beh_JogeOnPlQ2ccNwZRQ,Jennifer
-BF0VwhzVTVjViqf6d7S5w,5.0,1.0,-4.0,-BF0VwhzVTVjViqf6d7S5w,Carlos
St8sDXqaAK5k_WWOLGJR5Q,5.0,1.0,-4.0,St8sDXqaAK5k_WWOLGJR5Q,Rebecca
-fAAKIC1LhZCnVcGeaBLJA,5.0,1.0,-4.0,-fAAKIC1LhZCnVcGeaBLJA,Cindy
-BkltWiOoqCuoGY5Ab86lA,5.0,1.0,-4.0,-BkltWiOoqCuoGY5Ab86lA,Jodi
UX9e46-F03qAMXNRR5cr4w,5.0,1.0,-4.0,UX9e46-F03qAMXNRR5cr4w,Angie
StptJ4Fax_vxIiMBfMCqUw,5.0,1.0,-4.0,StptJ4Fax_vxIiMBfMCqUw,Phil
-ithE_3ZUctrLy3ifdX8Hw,5.0,1.0,-4.0,-ithE_3ZUctrLy3ifdX8Hw,Caroline
-InhCWSVR11h0fZj0z74kA,5.0,1.0,-4.0,-InhCWSVR11h0fZj0z74kA,Michael
UXTU-QFiXCy7U_fuEh2MZg,5.0,1.0,-4.0,UXTU-QFiXCy7U_fuEh2MZg,Yvonne
Su5vV4xipEdpmJjnPDRrGA,5.0,1.0,-4.0,Su5vV4xipEdpmJjnPDRrGA,Anna
-ltiUCGAh-_4o4ww1qWHdw,5.0,1.0,-4.0,-ltiUCGAh-_4o4ww1qWHdw,Kyle
-P0mXU8Yu0oPx2D6FblHbQ,5.0,1.0,-4.0,-P0mXU8Yu0oPx2D6FblHbQ,Layla
wxAIPRMagILei4UapcEqiQ,5.0,1.0,-4.0,wxAIPRMagILei4UapcEqiQ,Sarah
Sxs8vjX4BoDFYNaWyrIKRg,5.0,1.0,-4.0,Sxs8vjX4BoDFYNaWyrIKRg,Veronica
-qTkGSv34i6vnrXsLEghSA,5.0,1.0,-4.0,-qTkGSv34i6vnrXsLEghSA,Katie
-WtlHopfpP80irYEhTd3BQ,5.0,1.0,-4.0,-WtlHopfpP80irYEhTd3BQ,Mark
-u-7bBY8bttuAvngtIIy7g,5.0,1.0,-4.0,-u-7bBY8bttuAvngtIIy7g,Marsha
Szr-jB7z3tWFZ81WVZCl4w,5.0,1.0,-4.0,Szr-jB7z3tWFZ81WVZCl4w,Annie
UYjU9o4w8LB7YVRf4CyZ6A,5.0,1.0,-4.0,UYjU9o4w8LB7YVRf4CyZ6A,J
-YJi42WMm1MJ6w1ScAWL5w,5.0,1.0,-4.0,-YJi42WMm1MJ6w1ScAWL5w,Selena
-yBPPrpH6nWXqYk7Ve7XlQ,5.0,1.0,-4.0,-yBPPrpH6nWXqYk7Ve7XlQ,Natasha
T4StBZK_GMof6-wNnexRPg,5.0,1.0,-4.0,T4StBZK_GMof6-wNnexRPg,Michael
U_9b0iBYyC09CdKl1rSSDA,5.0,1.0,-4.0,U_9b0iBYyC09CdKl1rSSDA,Aurora
TDxeqHjQ6xMzh2aR5yGUMw,5.0,1.0,-4.0,TDxeqHjQ6xMzh2aR5yGUMw,Josh
00uo_sNxLHL5ZOtrHbsIXA,5.0,1.0,-4.0,00uo_sNxLHL5ZOtrHbsIXA,Angela
TIB27IzihfsfnyyYGBqfQA,5.0,1.0,-4.0,TIB27IzihfsfnyyYGBqfQA,laura
U_Wp0jw9fynFdh8a5o0Q9w,5.0,1.0,-4.0,U_Wp0jw9fynFdh8a5o0Q9w,Yvonne
-fKld9lfpJ3PamNfBIxZdA,5.0,1.0,-4.0,-fKld9lfpJ3PamNfBIxZdA,Ashley
06eNdNUnW5m1uhp7GwM8Zg,5.0,1.0,-4.0,06eNdNUnW5m1uhp7GwM8Zg,Willow
TRa0O5HTmuKNxNQbWuV8ZA,5.0,1.0,-4.0,TRa0O5HTmuKNxNQbWuV8ZA,Suzanne
UaJVwhI9zie600WwEVxBJw,5.0,1.0,-4.0,UaJVwhI9zie600WwEVxBJw,Elliott
-u5CsCUHOvP5OHYaNGteZw,5.0,1.0,-4.0,-u5CsCUHOvP5OHYaNGteZw,Shannon
0EkGU4Dxs3vqUEK4sG8cNQ,5.0,1.0,-4.0,0EkGU4Dxs3vqUEK4sG8cNQ,Alison
TRmOm2RTN6TQ7F445-I9mw,5.0,1.0,-4.0,TRmOm2RTN6TQ7F445-I9mw,Ethan
Ud8huZrdzRhxXJAR_gLQGQ,5.0,1.0,-4.0,Ud8huZrdzRhxXJAR_gLQGQ,Gilbert
01bb4Y7PnQvpgCFKWX-kIQ,5.0,1.0,-4.0,01bb4Y7PnQvpgCFKWX-kIQ,Dora
0LbXuP4bvHayQ1K5gU5RSA,5.0,1.0,-4.0,0LbXuP4bvHayQ1K5gU5RSA,Tony
TS2FUsN7L4G95ttflHO-1A,5.0,1.0,-4.0,TS2FUsN7L4G95ttflHO-1A,Darla
UghwYyIc0bwpEAIBQ8Up7Q,5.0,1.0,-4.0,UghwYyIc0bwpEAIBQ8Up7Q,Cindy
05cDJBAaOoVxWhHmZpnL3g,5.0,1.0,-4.0,05cDJBAaOoVxWhHmZpnL3g,Shanna
0VN7Tz4uN8Z2JODujjkdnQ,5.0,1.0,-4.0,0VN7Tz4uN8Z2JODujjkdnQ,Delia
TSExEQVu8YEJeRR4IoLNzQ,5.0,1.0,-4.0,TSExEQVu8YEJeRR4IoLNzQ,Folwell
UjXwi5-Eca7xQFZdmA4UPA,5.0,1.0,-4.0,UjXwi5-Eca7xQFZdmA4UPA,Salima
08xSvDxsULxTMim88oa8oQ,5.0,1.0,-4.0,08xSvDxsULxTMim88oa8oQ,Kara
0WqwkIsoYInmJwfdFVzWew,5.0,1.0,-4.0,0WqwkIsoYInmJwfdFVzWew,Karl
TWIu6ezNBBgRR9YY6a9FhQ,5.0,1.0,-4.0,TWIu6ezNBBgRR9YY6a9FhQ,Russ
UmLJmYa5pUMPi0iK6t7vcQ,5.0,1.0,-4.0,UmLJmYa5pUMPi0iK6t7vcQ,Julian
0DSiBSP5rZNIGL1f8UlHIA,5.0,1.0,-4.0,0DSiBSP5rZNIGL1f8UlHIA,Vicky
0dTrHs25GUSnPa-ZwNWQ6A,5.0,1.0,-4.0,0dTrHs25GUSnPa-ZwNWQ6A,Scott
TXBNrvdfoE7ndhbp37CZHQ,5.0,1.0,-4.0,TXBNrvdfoE7ndhbp37CZHQ,Susan
UmeS9piZylZI3EeppgAmyA,5.0,1.0,-4.0,UmeS9piZylZI3EeppgAmyA,Bradley
0FTeUX3x8NiVVjvQeY2qOQ,5.0,1.0,-4.0,0FTeUX3x8NiVVjvQeY2qOQ,Jen
0iOQKoHF-N8ekwdlbv-GZQ,5.0,1.0,-4.0,0iOQKoHF-N8ekwdlbv-GZQ,Jean
Tc78ZxOorJu82gQGPj1lgQ,5.0,1.0,-4.0,Tc78ZxOorJu82gQGPj1lgQ,Derek
UsqL38LFlvgaKNouOLpk8Q,5.0,1.0,-4.0,UsqL38LFlvgaKNouOLpk8Q,Kasey
0Gc3qwlupZpmgTy3IwgDVQ,5.0,1.0,-4.0,0Gc3qwlupZpmgTy3IwgDVQ,carina
0jxFQMzYDwHt9FCLJml7mA,5.0,1.0,-4.0,0jxFQMzYDwHt9FCLJml7mA,Kristin
TdjlN7Z0i4A1vNCiiiJv9w,5.0,1.0,-4.0,TdjlN7Z0i4A1vNCiiiJv9w,Krista
UvaJpBs2O7h8-p-EILlD3A,5.0,1.0,-4.0,UvaJpBs2O7h8-p-EILlD3A,Mark
0L_4dPQKHfuVntjmCH_x8g,5.0,1.0,-4.0,0L_4dPQKHfuVntjmCH_x8g,Mary
0luX-voAKPWK2pmaewEmKg,5.0,1.0,-4.0,0luX-voAKPWK2pmaewEmKg,Amber
Tf2HclMc0F58MnTp0ydk4g,5.0,1.0,-4.0,Tf2HclMc0F58MnTp0ydk4g,Candy
Uy6P2Uw2UCzmy_dv9gwXVA,5.0,1.0,-4.0,Uy6P2Uw2UCzmy_dv9gwXVA,Andrew
0VbS0fygeRZmoFDkt4ToQg,5.0,1.0,-4.0,0VbS0fygeRZmoFDkt4ToQg,Danielle
0r6LF-twuluHFHA9XH_G9A,5.0,1.0,-4.0,0r6LF-twuluHFHA9XH_G9A,Christopher
TglLaXRsao_Qeii90o6HnQ,5.0,1.0,-4.0,TglLaXRsao_Qeii90o6HnQ,Scotty
UystXdKBB66BJpq40ZrwXg,5.0,1.0,-4.0,UystXdKBB66BJpq40ZrwXg,John
0aHYlXbcVEqb285jzjpufQ,5.0,1.0,-4.0,0aHYlXbcVEqb285jzjpufQ,Sherry
0y9ztLUHfRlzxfIBSYASXA,5.0,1.0,-4.0,0y9ztLUHfRlzxfIBSYASXA,Harold
TgvlGVC6_W2As6YY2_jlUg,5.0,1.0,-4.0,TgvlGVC6_W2As6YY2_jlUg,Colleen
V-sqQmswG91r51C9LuxytQ,5.0,1.0,-4.0,V-sqQmswG91r51C9LuxytQ,Grace
0ffFtTn3-BwcX2dI2XSaiA,5.0,1.0,-4.0,0ffFtTn3-BwcX2dI2XSaiA,Christopher
1-hnEh8SH0fLAiS0W7rFDg,5.0,1.0,-4.0,1-hnEh8SH0fLAiS0W7rFDg,Jayong
TjyzaOTktk8prHekEkwZSQ,5.0,1.0,-4.0,TjyzaOTktk8prHekEkwZSQ,Laura
V2ble59wwBODXD9AnJCc9g,5.0,1.0,-4.0,V2ble59wwBODXD9AnJCc9g,Anastasia
0q56c0-hhcAASY-jUrssFA,5.0,1.0,-4.0,0q56c0-hhcAASY-jUrssFA,Derrick
18Q9_OaqAZa-Djuilo1TcA,5.0,1.0,-4.0,18Q9_OaqAZa-Djuilo1TcA,Erica
Tk1PmN7uPs9dkQTFp7KUjA,5.0,1.0,-4.0,Tk1PmN7uPs9dkQTFp7KUjA,Lynne
V2uaXiePvOqMjt4wKYdbYA,5.0,1.0,-4.0,V2uaXiePvOqMjt4wKYdbYA,Christina
0ugiwPWlukMgFTxlQB6_OA,5.0,1.0,-4.0,0ugiwPWlukMgFTxlQB6_OA,Amanda
19IbNbKvyaCrNCqVxcfGoQ,5.0,1.0,-4.0,19IbNbKvyaCrNCqVxcfGoQ,Mariyah
To_WEQNpPf3uPoB3rGOJ4Q,5.0,1.0,-4.0,To_WEQNpPf3uPoB3rGOJ4Q,Richard
V6FXAM1pOUGbGNGOwROp5w,5.0,1.0,-4.0,V6FXAM1pOUGbGNGOwROp5w,Stephanie
10WuyIPr5UhzqZ1xcWAuRA,5.0,1.0,-4.0,10WuyIPr5UhzqZ1xcWAuRA,Samuel
1Kliog8j8tzay0gGRqYx9g,5.0,1.0,-4.0,1Kliog8j8tzay0gGRqYx9g,Tricia
TuZF4GERabP5_39KSKezzg,5.0,1.0,-4.0,TuZF4GERabP5_39KSKezzg,Rai
VAgGW5wmJvi5wtZLG4YukA,5.0,1.0,-4.0,VAgGW5wmJvi5wtZLG4YukA,Melissa
13KBy3BhOxy6f4f9J8GdJg,5.0,1.0,-4.0,13KBy3BhOxy6f4f9J8GdJg,Ed
1MXrQO2GmgENQVMOiB8JZw,5.0,1.0,-4.0,1MXrQO2GmgENQVMOiB8JZw,Mary
TwLUG7Kx2kWfpuAdjTHV_w,5.0,1.0,-4.0,TwLUG7Kx2kWfpuAdjTHV_w,Katherine
VBqdfZEmBouceKAo0A9DJw,5.0,1.0,-4.0,VBqdfZEmBouceKAo0A9DJw,Alexis
14uLX4txJJ108efMetsbEA,5.0,1.0,-4.0,14uLX4txJJ108efMetsbEA,Ana
1Yq9fVLpV4swZvH575Rrfw,5.0,1.0,-4.0,1Yq9fVLpV4swZvH575Rrfw,Renee
U-gKvVHNs1NZVPTIrJAXzQ,5.0,1.0,-4.0,U-gKvVHNs1NZVPTIrJAXzQ,Mia
VGOIIeqAruaaljV50ZkfWg,5.0,1.0,-4.0,VGOIIeqAruaaljV50ZkfWg,Margaret
19uPDdAL2F3mYLyCdt-0LA,5.0,1.0,-4.0,19uPDdAL2F3mYLyCdt-0LA,Jody
1fG8Y_YULnKNpOpUPcjtgg,5.0,1.0,-4.0,1fG8Y_YULnKNpOpUPcjtgg,Zach
U37oIc09PIwZVZATuI88-A,5.0,1.0,-4.0,U37oIc09PIwZVZATuI88-A,Walter
VIaONlSvtu4GK515Q6godQ,5.0,1.0,-4.0,VIaONlSvtu4GK515Q6godQ,Keith
1GcoGUfs4fujn2tYkgY_SA,5.0,1.0,-4.0,1GcoGUfs4fujn2tYkgY_SA,A.
5KtLeY4POlpERBhgGHYy0w,5.0,1.0,-4.0,5KtLeY4POlpERBhgGHYy0w,Alicia
U8ksycdaWjT0XQHuyfJ3DA,5.0,1.0,-4.0,U8ksycdaWjT0XQHuyfJ3DA,Alexandra
VJ00IObjJrGCec5VCdh7ew,5.0,1.0,-4.0,VJ00IObjJrGCec5VCdh7ew,Sindu
1LPwjdYsaAGX-ugwqCInWQ,5.0,1.0,-4.0,1LPwjdYsaAGX-ugwqCInWQ,Shannon
1jxAs_LEJDscFpJnnc-7Tg,5.0,1.0,-4.0,1jxAs_LEJDscFpJnnc-7Tg,Nibale
UBYO9lnBRa6OGRvdekEyZQ,5.0,1.0,-4.0,UBYO9lnBRa6OGRvdekEyZQ,Rachel
VL2nkQhCbgO8_T_Arc1Q5w,5.0,1.0,-4.0,VL2nkQhCbgO8_T_Arc1Q5w,Annalise
1PJGacx980GCJlGM4BDukA,5.0,1.0,-4.0,1PJGacx980GCJlGM4BDukA,Anton
1mzC75V0EKKoAO8LnDzqtQ,5.0,1.0,-4.0,1mzC75V0EKKoAO8LnDzqtQ,Doctor
UD8Unbt3rGoWywSID78Sxw,5.0,1.0,-4.0,UD8Unbt3rGoWywSID78Sxw,Mark
VM0NxZjVtBpwVKFyNkE_MQ,5.0,1.0,-4.0,VM0NxZjVtBpwVKFyNkE_MQ,Delia
1eVC0wp2KCUxMYjzcL06rA,5.0,1.0,-4.0,1eVC0wp2KCUxMYjzcL06rA,Lindsay
1xD04hW-AZmIBdCBgs8prw,5.0,1.0,-4.0,1xD04hW-AZmIBdCBgs8prw,Kylie
UE4soKaHzWMFCKTEjxDKew,5.0,1.0,-4.0,UE4soKaHzWMFCKTEjxDKew,Brad
VNKwafLAFfvCgXRC1Pa_lQ,5.0,1.0,-4.0,VNKwafLAFfvCgXRC1Pa_lQ,Jason
1fzQ_wLKz7Zs55dUB53gqA,5.0,1.0,-4.0,1fzQ_wLKz7Zs55dUB53gqA,Jan Marie
22MC-zF3s7j7fy68NbncXg,5.0,1.0,-4.0,22MC-zF3s7j7fy68NbncXg,Laura
UEZrKPTkXmunDaBBLhLySw,5.0,1.0,-4.0,UEZrKPTkXmunDaBBLhLySw,Phyllis
VPH3wfnF_3dC7UOwSacRtQ,5.0,1.0,-4.0,VPH3wfnF_3dC7UOwSacRtQ,Chris
1l-gg948b8VF8ag9vYbzAg,5.0,1.0,-4.0,1l-gg948b8VF8ag9vYbzAg,Regan
2AuNkX4oimENQtVjCYV3fg,5.0,1.0,-4.0,2AuNkX4oimENQtVjCYV3fg,Simy
UIdVT7kzjsQxydhft8vTHA,5.0,1.0,-4.0,UIdVT7kzjsQxydhft8vTHA,Kat
VPxK80srvp2XAmEEp7YL6Q,5.0,1.0,-4.0,VPxK80srvp2XAmEEp7YL6Q,Amanda
1oskg_ITCHHMx3vBwMkoag,5.0,1.0,-4.0,1oskg_ITCHHMx3vBwMkoag,Mel
2BYQlWgOTZVp6wjh68swYw,5.0,1.0,-4.0,2BYQlWgOTZVp6wjh68swYw,Petunia
UJ784Xj17Or4qN7qQXkWoQ,5.0,1.0,-4.0,UJ784Xj17Or4qN7qQXkWoQ,Louise
VRdURgFXVjMCotl1Dxh-rg,5.0,1.0,-4.0,VRdURgFXVjMCotl1Dxh-rg,Bella
1rKLDTu22HqFQxpvwldRew,5.0,1.0,-4.0,1rKLDTu22HqFQxpvwldRew,TheBirdhunt3r
2LIQ_oqaKKZ7V53znjoyDA,5.0,1.0,-4.0,2LIQ_oqaKKZ7V53znjoyDA,Melanie
UKpkE86JFc0KAfvg9LgPdg,5.0,1.0,-4.0,UKpkE86JFc0KAfvg9LgPdg,Brittany
VRjkoVfODSdCtUlUH4dT-A,5.0,1.0,-4.0,VRjkoVfODSdCtUlUH4dT-A,Randi
1u3EwP2a53P2yo9DHnU2eQ,5.0,1.0,-4.0,1u3EwP2a53P2yo9DHnU2eQ,Dion
2P8O4qHl40xEUf3tGp4BDA,5.0,1.0,-4.0,2P8O4qHl40xEUf3tGp4BDA,Debra
UNJM7qzfD6GdnxBNfUfVxQ,5.0,1.0,-4.0,UNJM7qzfD6GdnxBNfUfVxQ,Rickey
VT2m119B-3X092ZmCBITqw,5.0,1.0,-4.0,VT2m119B-3X092ZmCBITqw,Nick
1wb0lDwXGgE8IanG4yS1ag,5.0,1.0,-4.0,1wb0lDwXGgE8IanG4yS1ag,Kevin
2XJGKWyd8Xx9hPrnhURqfA,5.0,1.0,-4.0,2XJGKWyd8Xx9hPrnhURqfA,Lou
UO2qc1RDKYB9k8tV_24tRw,5.0,1.0,-4.0,UO2qc1RDKYB9k8tV_24tRw,Ellen
VTDffm-WlFxeqESB0HIS_Q,5.0,1.0,-4.0,VTDffm-WlFxeqESB0HIS_Q,John
2-Fj6pZfFF1DilCeLT9yPA,5.0,1.0,-4.0,2-Fj6pZfFF1DilCeLT9yPA,Helen
2bpFbSa28g7kG97JCSV4yw,5.0,1.0,-4.0,2bpFbSa28g7kG97JCSV4yw,Julia
URDYX9xM9cqMOhTeAeT-Sg,5.0,1.0,-4.0,URDYX9xM9cqMOhTeAeT-Sg,Perry
V_GJQGiFhx8vEThayoZj3w,5.0,1.0,-4.0,V_GJQGiFhx8vEThayoZj3w,Richard
20N0HaEf3l54RzZkOhWVGw,5.0,1.0,-4.0,20N0HaEf3l54RzZkOhWVGw,Dani
2hI_35xN4fm79EetnT5aWQ,5.0,1.0,-4.0,2hI_35xN4fm79EetnT5aWQ,Tiffany
UTx0OM9BkOK24g8-yBwDpQ,5.0,1.0,-4.0,UTx0OM9BkOK24g8-yBwDpQ,Joe
V_jxRvjmGNWhQR0WL7Iivw,5.0,1.0,-4.0,V_jxRvjmGNWhQR0WL7Iivw,Julie
26rx3_QC0R3KStvKbIu9RQ,5.0,1.0,-4.0,26rx3_QC0R3KStvKbIu9RQ,Zachary
2hfhp-R3b3G2hpAabCRdiQ,5.0,1.0,-4.0,2hfhp-R3b3G2hpAabCRdiQ,Evan
UWmkKhxRXYTId8G4qd48jA,5.0,1.0,-4.0,UWmkKhxRXYTId8G4qd48jA,Jack
V_yUANoDiQa8cqxO6HsVMQ,5.0,1.0,-4.0,V_yUANoDiQa8cqxO6HsVMQ,Carol
2EY1J8vnlaD_7GQchtz6-w,5.0,1.0,-4.0,2EY1J8vnlaD_7GQchtz6-w,Sandi
2nJD8fT1n-28lmVxLEZMLg,5.0,1.0,-4.0,2nJD8fT1n-28lmVxLEZMLg,Chelsea
UXkPpLnyYfF5fBR_tBgzyg,5.0,1.0,-4.0,UXkPpLnyYfF5fBR_tBgzyg,Jenna
Vaa-HeFf6D7h8LqJkiy0xg,5.0,1.0,-4.0,Vaa-HeFf6D7h8LqJkiy0xg,Elizabeth
2JA75snohmNYhWuCHo1KSA,5.0,1.0,-4.0,2JA75snohmNYhWuCHo1KSA,Diane
2sCVRYh9VEAuJc3EgM3kPw,5.0,1.0,-4.0,2sCVRYh9VEAuJc3EgM3kPw,Alaina
UaFD6jk53hztmW4ZUo_bBw,5.0,1.0,-4.0,UaFD6jk53hztmW4ZUo_bBw,Alixandra
VdRoMV_3En5TGwGZSplVbw,5.0,1.0,-4.0,VdRoMV_3En5TGwGZSplVbw,Chelsea
2NHNsXypLuVho7hMKeOQDg,5.0,1.0,-4.0,2NHNsXypLuVho7hMKeOQDg,Sylvia
33ewa_wqjAh0j3MM64fTwQ,5.0,1.0,-4.0,33ewa_wqjAh0j3MM64fTwQ,Maryann
UaXuOp9dxcsKgYu6Mlqc5A,5.0,1.0,-4.0,UaXuOp9dxcsKgYu6Mlqc5A,Thom
Vfn-CT4h7n742AGICeLi1Q,5.0,1.0,-4.0,Vfn-CT4h7n742AGICeLi1Q,Jana
2S12gJ0DNBcI4rBi8RN7SQ,5.0,1.0,-4.0,2S12gJ0DNBcI4rBi8RN7SQ,Krista
36W5pkBRPcKjGnDgrL3uoQ,5.0,1.0,-4.0,36W5pkBRPcKjGnDgrL3uoQ,Kimie
UfZgfIem7NYKZE0ZhazvyA,5.0,1.0,-4.0,UfZgfIem7NYKZE0ZhazvyA,Jill
Vn1-jvss7Ynvv-c0TM8Ing,5.0,1.0,-4.0,Vn1-jvss7Ynvv-c0TM8Ing,Nicole
2Y443YoJkRdF9dc8_Ky4gA,5.0,1.0,-4.0,2Y443YoJkRdF9dc8_Ky4gA,Michelle
36jvcjBH25xniVVLvKn6eQ,5.0,1.0,-4.0,36jvcjBH25xniVVLvKn6eQ,Vincent
UghO9v4DrQJFzpPPOLRdfw,5.0,1.0,-4.0,UghO9v4DrQJFzpPPOLRdfw,J
VnoH1rK2TPOG4mlXJE5geA,5.0,1.0,-4.0,VnoH1rK2TPOG4mlXJE5geA,Amanda
2cj9ZoglHwVbvfFMdS8Diw,5.0,1.0,-4.0,2cj9ZoglHwVbvfFMdS8Diw,Kayla
3Di41EPS0JU0C7eblqcNIA,5.0,1.0,-4.0,3Di41EPS0JU0C7eblqcNIA,Jim
UjAD59OHVABOTVwe52sSBQ,5.0,1.0,-4.0,UjAD59OHVABOTVwe52sSBQ,Marty
VoXGl4G2x0lY_rzEXKHZsg,5.0,1.0,-4.0,VoXGl4G2x0lY_rzEXKHZsg,Jonathan
2gBLCmVTr1c8Fuc3npWtdw,5.0,1.0,-4.0,2gBLCmVTr1c8Fuc3npWtdw,Hekmat
3E2T_mMTCWdlf0Lto4sW8w,5.0,1.0,-4.0,3E2T_mMTCWdlf0Lto4sW8w,Alondra
UqDNHVNwvYjFuusET9g0Eg,5.0,1.0,-4.0,UqDNHVNwvYjFuusET9g0Eg,K Alexa
VsZuMxujnzpXCa48E1vi_w,5.0,1.0,-4.0,VsZuMxujnzpXCa48E1vi_w,Chelsea
2lhBUMXP0Na8iVXBo4cTGQ,5.0,1.0,-4.0,2lhBUMXP0Na8iVXBo4cTGQ,Fuoco
3Gt4mh_P4dlZJo9JIoQ8jw,5.0,1.0,-4.0,3Gt4mh_P4dlZJo9JIoQ8jw,Bobby
UsLxlJizDAi4QgRbHha6Pw,5.0,1.0,-4.0,UsLxlJizDAi4QgRbHha6Pw,Charlie
VuRlNlqDMyW1jOBi7oYGYA,5.0,1.0,-4.0,VuRlNlqDMyW1jOBi7oYGYA,Peggy
2u5ZXni-cYPDAF9ZdrnJ1A,5.0,1.0,-4.0,2u5ZXni-cYPDAF9ZdrnJ1A,Kate
3HbomcohwHfRcas4kvt-0w,5.0,1.0,-4.0,3HbomcohwHfRcas4kvt-0w,Shannon
UsNU0VPBMLBFy1E2ceUF2g,5.0,1.0,-4.0,UsNU0VPBMLBFy1E2ceUF2g,Mandy
Vv0oOy9k2nEYrAyzxMTssg,5.0,1.0,-4.0,Vv0oOy9k2nEYrAyzxMTssg,Douglas
3-gCg9leSdwS8CMKQgpYFQ,5.0,1.0,-4.0,3-gCg9leSdwS8CMKQgpYFQ,Dorothy
3Jrw7DTEVmbh2vSruhHjow,5.0,1.0,-4.0,3Jrw7DTEVmbh2vSruhHjow,Courtney
UsWyrh0KKN7U9chyhlySxg,5.0,1.0,-4.0,UsWyrh0KKN7U9chyhlySxg,Julia
W2vl6kK_kUNYughbQYS_iQ,5.0,1.0,-4.0,W2vl6kK_kUNYughbQYS_iQ,Rob
3B5kmTLiTnzqokLMe8CS7w,5.0,1.0,-4.0,3B5kmTLiTnzqokLMe8CS7w,Brooke
3PtomLLXNvX7EX6PopdQSw,5.0,1.0,-4.0,3PtomLLXNvX7EX6PopdQSw,Kelly
UwmCpowBrgLokbTsSLYFaw,5.0,1.0,-4.0,UwmCpowBrgLokbTsSLYFaw,Ted
W3BE-RY5SrMpfC2XAufejw,5.0,1.0,-4.0,W3BE-RY5SrMpfC2XAufejw,Eduvijen
3CMdu1_6fgzW_-FvtTCXew,5.0,1.0,-4.0,3CMdu1_6fgzW_-FvtTCXew,Ann
3SUebIeTt_jjKhUXdE4bUw,5.0,1.0,-4.0,3SUebIeTt_jjKhUXdE4bUw,Kalel
V2quPKIHMEYNgCWNYtTwnA,5.0,1.0,-4.0,V2quPKIHMEYNgCWNYtTwnA,Joanne
W9pzRoOJr4DYXL--jy2PcQ,5.0,1.0,-4.0,W9pzRoOJr4DYXL--jy2PcQ,Jesse
3G4qaE_8ZW6zwbD31I-s5Q,5.0,1.0,-4.0,3G4qaE_8ZW6zwbD31I-s5Q,Christine
3bq1zQXwcz8luV1R6UfX2g,5.0,1.0,-4.0,3bq1zQXwcz8luV1R6UfX2g,Abtahee
V33khKQ2G6pucLajgar82w,5.0,1.0,-4.0,V33khKQ2G6pucLajgar82w,Steve
WBA1GtfuVPE0ULKe7fHRtg,5.0,1.0,-4.0,WBA1GtfuVPE0ULKe7fHRtg,Grace
3RTXnI6Rd3vLbKPTvh7rYQ,5.0,1.0,-4.0,3RTXnI6Rd3vLbKPTvh7rYQ,Trevor
3erAIHRApKy6Mo60Aq4P3g,5.0,1.0,-4.0,3erAIHRApKy6Mo60Aq4P3g,Jeannette
vUZnA5a-kTfPlUlwI0XiKA,5.0,1.0,-4.0,vUZnA5a-kTfPlUlwI0XiKA,Mary Beth
WHy8KZDZ-5EnwRQuEaFn3A,5.0,1.0,-4.0,WHy8KZDZ-5EnwRQuEaFn3A,Jeff
V3dEk-9zNDELITKmX-F2XQ,5.0,1.0,-4.0,V3dEk-9zNDELITKmX-F2XQ,D
3i8yEBUpbJ9RYBw80o0Tow,5.0,1.0,-4.0,3i8yEBUpbJ9RYBw80o0Tow,Suzann
3VmbwlFp9DmUwfBCikbvCw,5.0,1.0,-4.0,3VmbwlFp9DmUwfBCikbvCw,Anthony
WIKttEIFhGPFrsfm07L4Ow,5.0,1.0,-4.0,WIKttEIFhGPFrsfm07L4Ow,Tina
V4sOpH6FffXsfJTOwtdUnQ,5.0,1.0,-4.0,V4sOpH6FffXsfJTOwtdUnQ,Haven
3lyfK0N4s9lxAq5ES2H6Pg,5.0,1.0,-4.0,3lyfK0N4s9lxAq5ES2H6Pg,Elizabeth
3YhLRLNyehQLDEYlp8daTA,5.0,1.0,-4.0,3YhLRLNyehQLDEYlp8daTA,Eric
WJ0auX6SqsNHOFzyIF_bVg,5.0,1.0,-4.0,WJ0auX6SqsNHOFzyIF_bVg,Anna
V5AE2LsY9lfQfEfl44kvYw,5.0,1.0,-4.0,V5AE2LsY9lfQfEfl44kvYw,Stephen
3pio85igDydk7YJ--HsCcw,5.0,1.0,-4.0,3pio85igDydk7YJ--HsCcw,Jens
3gLoB7Y1yfIKH6ZyDPFZnA,5.0,1.0,-4.0,3gLoB7Y1yfIKH6ZyDPFZnA,Oliver
WQ8XN_G-y6TJTqjbUqIiaQ,5.0,1.0,-4.0,WQ8XN_G-y6TJTqjbUqIiaQ,Taylor
V7zx2WaTNQhVDremdjRo2A,5.0,1.0,-4.0,V7zx2WaTNQhVDremdjRo2A,Jessica
3sWPbkTDNxvXAe_w2MZ7RA,5.0,1.0,-4.0,3sWPbkTDNxvXAe_w2MZ7RA,Steve
3j-Jw5fpnUNNS-tw2H-fWQ,5.0,1.0,-4.0,3j-Jw5fpnUNNS-tw2H-fWQ,Beth
WQAoUeqt6IbF3G6jrCmQBw,5.0,1.0,-4.0,WQAoUeqt6IbF3G6jrCmQBw,Jerel
VA62hY00X44nempjfUhCVA,5.0,1.0,-4.0,VA62hY00X44nempjfUhCVA,Mike
4-PoBm2G0GpTE3O7c6aV4Q,5.0,1.0,-4.0,4-PoBm2G0GpTE3O7c6aV4Q,Carla
3lYiI77ei8qTa5ntpV72eA,5.0,1.0,-4.0,3lYiI77ei8qTa5ntpV72eA,Kathryn
WUw7xMms_UCKT3j4Nq7ZcQ,5.0,1.0,-4.0,WUw7xMms_UCKT3j4Nq7ZcQ,Krista
VAis9cAyDXalQTUIE4CceQ,5.0,1.0,-4.0,VAis9cAyDXalQTUIE4CceQ,Mike
40UExY4CQmu_8BT2lqujDw,5.0,1.0,-4.0,40UExY4CQmu_8BT2lqujDw,Bob
3rr0Bx0kG5iwWCL-vh8rjA,5.0,1.0,-4.0,3rr0Bx0kG5iwWCL-vh8rjA,Nicole
WXULPn1yiAa29kp8NX-jiw,5.0,1.0,-4.0,WXULPn1yiAa29kp8NX-jiw,Cory
VCELc8l7hbTe_wYA9Bzf7Q,5.0,1.0,-4.0,VCELc8l7hbTe_wYA9Bzf7Q,Me
44I1ptjHIGqIPvtr6mkSDA,5.0,1.0,-4.0,44I1ptjHIGqIPvtr6mkSDA,Brandon
409SpaTF2j1mPCXR2f7sFQ,5.0,1.0,-4.0,409SpaTF2j1mPCXR2f7sFQ,Jessie
WZIteYsFpV2Ooi77sc8-AQ,5.0,1.0,-4.0,WZIteYsFpV2Ooi77sc8-AQ,Beanie
VEamcorsy-r62cgMnjlGZg,5.0,1.0,-4.0,VEamcorsy-r62cgMnjlGZg,Lindsey
48lzELDUkKBQijn6Q2J8tA,5.0,1.0,-4.0,48lzELDUkKBQijn6Q2J8tA,Miranda
45cOOjriIRfd6SDuJyaC5w,5.0,1.0,-4.0,45cOOjriIRfd6SDuJyaC5w,Christine
Wb3pY4lxmKl-HFpJaz2uCw,5.0,1.0,-4.0,Wb3pY4lxmKl-HFpJaz2uCw,Alfredo
VHSW9xCNNUlDeJ46vVVOEQ,5.0,1.0,-4.0,VHSW9xCNNUlDeJ46vVVOEQ,S
4CroesOxCSGddLJoZj-o5g,5.0,1.0,-4.0,4CroesOxCSGddLJoZj-o5g,Doug
47pyoAnsUUvpQN7korrbNQ,5.0,1.0,-4.0,47pyoAnsUUvpQN7korrbNQ,Gwen
WcdaELIO2k9NrMiYJTgTbQ,5.0,1.0,-4.0,WcdaELIO2k9NrMiYJTgTbQ,Nicole
VQeyYuj48bU9VFTiUe23ng,5.0,1.0,-4.0,VQeyYuj48bU9VFTiUe23ng,Susan
4HmV4Ulgz_EFbK_e9r5ilw,5.0,1.0,-4.0,4HmV4Ulgz_EFbK_e9r5ilw,Tammy
499aJYqb98pv6zDXzBbgCg,5.0,1.0,-4.0,499aJYqb98pv6zDXzBbgCg,Julie
Wduz2Ifk8afc0SgeOAtQoA,5.0,1.0,-4.0,Wduz2Ifk8afc0SgeOAtQoA,Randi
VQnWProQNFrbUYp84p4xcA,5.0,1.0,-4.0,VQnWProQNFrbUYp84p4xcA,Chris
4JL-nFd0oWJd0u_PCdNiXQ,5.0,1.0,-4.0,4JL-nFd0oWJd0u_PCdNiXQ,Kim
4HHK-DXKQTfMXAhG4DiOZw,5.0,1.0,-4.0,4HHK-DXKQTfMXAhG4DiOZw,Corey
Whh0OTs22hFUfyeNk39oxA,5.0,1.0,-4.0,Whh0OTs22hFUfyeNk39oxA,Jason
VQrxMML-FDHCU2RKt26ucw,5.0,1.0,-4.0,VQrxMML-FDHCU2RKt26ucw,Reginald
4Ng6C_1fwrdLiWk3m4hZ-A,5.0,1.0,-4.0,4Ng6C_1fwrdLiWk3m4hZ-A,Bobby
4IJpITglSGy7Wtirdvurpg,5.0,1.0,-4.0,4IJpITglSGy7Wtirdvurpg,Melanie
WiKJNsU20WAlxotcnMrSBA,5.0,1.0,-4.0,WiKJNsU20WAlxotcnMrSBA,Melissa
VRE1mtyTCY38cw3TGEjp4Q,5.0,1.0,-4.0,VRE1mtyTCY38cw3TGEjp4Q,Dominique
4Qv7plEvsoEotMes0SAZ6Q,5.0,1.0,-4.0,4Qv7plEvsoEotMes0SAZ6Q,Col
4OGzKkcPpWuFBW_vI6pYMQ,5.0,1.0,-4.0,4OGzKkcPpWuFBW_vI6pYMQ,Kimberlee
Wih0DuVJ8SHG6a_xEnpRXQ,5.0,1.0,-4.0,Wih0DuVJ8SHG6a_xEnpRXQ,Jessica
VWTG2HLiK3dD2MKjQncRng,5.0,1.0,-4.0,VWTG2HLiK3dD2MKjQncRng,Dan
4TAQnXZYb9Eeb-cQIXXJtg,5.0,1.0,-4.0,4TAQnXZYb9Eeb-cQIXXJtg,Maria
4RsLk7XUrYuWvBJXI0zsOQ,5.0,1.0,-4.0,4RsLk7XUrYuWvBJXI0zsOQ,Robert
WmhPKEg4fwH0jhZxtyXY0g,5.0,1.0,-4.0,WmhPKEg4fwH0jhZxtyXY0g,Kristin
VW_96gh7E77ooMBxnwbCWg,5.0,1.0,-4.0,VW_96gh7E77ooMBxnwbCWg,Judi
4Wd6SqZ6PaPM0Gu1rZoIOw,5.0,1.0,-4.0,4Wd6SqZ6PaPM0Gu1rZoIOw,Meg
4apc56JGynO_Quc3H39GRA,5.0,1.0,-4.0,4apc56JGynO_Quc3H39GRA,Jessica
WnFawfGoCqtsMKfGsz7Dvg,5.0,1.0,-4.0,WnFawfGoCqtsMKfGsz7Dvg,Emily
VX7wSS5dCrU7Dhk-OheKQg,5.0,1.0,-4.0,VX7wSS5dCrU7Dhk-OheKQg,Allison
4_HYLDAtBOobyDTYxPTV4w,5.0,1.0,-4.0,4_HYLDAtBOobyDTYxPTV4w,Sara
4pTkx5_Sb9fdFYx0GCCKrA,5.0,1.0,-4.0,4pTkx5_Sb9fdFYx0GCCKrA,Nicholas
WnPOagyfp_x1f09cNh94QQ,5.0,1.0,-4.0,WnPOagyfp_x1f09cNh94QQ,James
VbPU1Slfb261owuj-p1J_Q,5.0,1.0,-4.0,VbPU1Slfb261owuj-p1J_Q,Bradley
4dlr4uXJzt5_99oEcZjTgA,5.0,1.0,-4.0,4dlr4uXJzt5_99oEcZjTgA,Robert
4ySg89d-AvXGzUKPcgWDPw,5.0,1.0,-4.0,4ySg89d-AvXGzUKPcgWDPw,kate
Wsj4V_7XGTm8xHgh0U97Rw,5.0,1.0,-4.0,Wsj4V_7XGTm8xHgh0U97Rw,Brenda
VcI29eNB8qhapjC_tHe89w,5.0,1.0,-4.0,VcI29eNB8qhapjC_tHe89w,Michelle
4ghmGsefPJcnbNADq0ReQQ,5.0,1.0,-4.0,4ghmGsefPJcnbNADq0ReQQ,Tegan
5CcFOa5Py2QmsruZ1a1QWA,5.0,1.0,-4.0,5CcFOa5Py2QmsruZ1a1QWA,Star
WuIfBFBr0Teb8dS-xeCwXw,5.0,1.0,-4.0,WuIfBFBr0Teb8dS-xeCwXw,John
Ve2PG7gVHKTT3Td0TXMFyQ,5.0,1.0,-4.0,Ve2PG7gVHKTT3Td0TXMFyQ,Avishay
4hIe4aUyV87YkHZtsLOCQA,5.0,1.0,-4.0,4hIe4aUyV87YkHZtsLOCQA,D
5HzRonVbkYRQYXE3KW3NAw,5.0,1.0,-4.0,5HzRonVbkYRQYXE3KW3NAw,Tina
WumakskvdOvNiL5tYzpxIg,5.0,1.0,-4.0,WumakskvdOvNiL5tYzpxIg,Lisa
VeHPjqVw_lamY2T0t8M1jQ,5.0,1.0,-4.0,VeHPjqVw_lamY2T0t8M1jQ,Bryan
4hzAtNaV3fTrT3mRpuECwQ,5.0,1.0,-4.0,4hzAtNaV3fTrT3mRpuECwQ,Gabriel
5Mr0cK70_1mMgSvzxq0TxA,5.0,1.0,-4.0,5Mr0cK70_1mMgSvzxq0TxA,Matthew
WwbKmtPLC3MNn-g2oE44LA,5.0,1.0,-4.0,WwbKmtPLC3MNn-g2oE44LA,Kingsley
Ve_jeQJ-v2huBpX_nYTk-g,5.0,1.0,-4.0,Ve_jeQJ-v2huBpX_nYTk-g,Tara
4n8XQx2N3ziNfv9x_VEa7g,5.0,1.0,-4.0,4n8XQx2N3ziNfv9x_VEa7g,James
5OUzLp-RiP9a_1DBuTU0dQ,5.0,1.0,-4.0,5OUzLp-RiP9a_1DBuTU0dQ,Neal
WyJ06iSO1MozZT9K5nZEcA,5.0,1.0,-4.0,WyJ06iSO1MozZT9K5nZEcA,Veronica
VggFXDyAcyVgtv9XwuU3Tg,5.0,1.0,-4.0,VggFXDyAcyVgtv9XwuU3Tg,Jake
4pCy06a562lpVnOMVov0hA,5.0,1.0,-4.0,4pCy06a562lpVnOMVov0hA,Maria
5SZBRRiWIabTxx9l_QJafQ,5.0,1.0,-4.0,5SZBRRiWIabTxx9l_QJafQ,Regine
X3w8MFyQ_EK9mOVl0hjJjA,5.0,1.0,-4.0,X3w8MFyQ_EK9mOVl0hjJjA,Monica
Vh5FfwI3RP2nEkmV5XU51A,5.0,1.0,-4.0,Vh5FfwI3RP2nEkmV5XU51A,Kira
4ty26Jyb_oi1YtYPWFPdFA,5.0,1.0,-4.0,4ty26Jyb_oi1YtYPWFPdFA,Sherry
5TKVoaJdJVKLPRRi0VG7Ng,5.0,1.0,-4.0,5TKVoaJdJVKLPRRi0VG7Ng,John
XBpVXzOBme1ab1jXiyUjAA,5.0,1.0,-4.0,XBpVXzOBme1ab1jXiyUjAA,Monica
Vi7NnQSkNedS0ImYTWk5Wg,5.0,1.0,-4.0,Vi7NnQSkNedS0ImYTWk5Wg,Keila
51gChR496k0d7bnrbX30hg,5.0,1.0,-4.0,51gChR496k0d7bnrbX30hg,James
5Tt_80N-QIyVrdRfRHNFbQ,5.0,1.0,-4.0,5Tt_80N-QIyVrdRfRHNFbQ,Sylvia
XD0HjOsYSnWmXlEbJ6hKKQ,5.0,1.0,-4.0,XD0HjOsYSnWmXlEbJ6hKKQ,Mark
ViNlA1i77rBhbQT_L2QMhA,5.0,1.0,-4.0,ViNlA1i77rBhbQT_L2QMhA,Joe
53OzseL6lvSYjHPVLzYzPQ,5.0,1.0,-4.0,53OzseL6lvSYjHPVLzYzPQ,Daisy
5YFsXxEu-A4F93nHag0W3A,5.0,1.0,-4.0,5YFsXxEu-A4F93nHag0W3A,Allan
XGHoE-UiKmmq__ASRaM6vA,5.0,1.0,-4.0,XGHoE-UiKmmq__ASRaM6vA,Valeria
VihkYkRGWy4HiIY7cqHHNA,5.0,1.0,-4.0,VihkYkRGWy4HiIY7cqHHNA,Miranda
5D41PPcGZt_g80HdCRVY-A,5.0,1.0,-4.0,5D41PPcGZt_g80HdCRVY-A,Shannon
5ZX_juiPOJ0H-q5rauLHxw,5.0,1.0,-4.0,5ZX_juiPOJ0H-q5rauLHxw,Eddie
XMriO6iHuuW5n91qf3aHkg,5.0,1.0,-4.0,XMriO6iHuuW5n91qf3aHkg,Patty
VpauhL2gLWNIXk0vF8pJKg,5.0,1.0,-4.0,VpauhL2gLWNIXk0vF8pJKg,Monique
5Nibr7UKCB5xqKG6bRS4cQ,5.0,1.0,-4.0,5Nibr7UKCB5xqKG6bRS4cQ,Chidinma
5jvDStoktvQ5G2MdmBaBVQ,5.0,1.0,-4.0,5jvDStoktvQ5G2MdmBaBVQ,Mike
XNQ9xGk9yCme0pqSFGyTaA,5.0,1.0,-4.0,XNQ9xGk9yCme0pqSFGyTaA,Rashiona
VrB6fkN_lT7W1bApGGh5tg,5.0,1.0,-4.0,VrB6fkN_lT7W1bApGGh5tg,Alex
5RNRfrZsT2Ut_fsYKhXiDw,5.0,1.0,-4.0,5RNRfrZsT2Ut_fsYKhXiDw,David
5v4Y824OzdRDusCj8i9MxA,5.0,1.0,-4.0,5v4Y824OzdRDusCj8i9MxA,Khalid
XOjDtIL_Fs5b0Lm0486wTg,5.0,1.0,-4.0,XOjDtIL_Fs5b0Lm0486wTg,Shelly
VvMl_wuqS1N0UVSHZeeFlg,5.0,1.0,-4.0,VvMl_wuqS1N0UVSHZeeFlg,Diana
5Z_nND8byhuLCioo1QBxfw,5.0,1.0,-4.0,5Z_nND8byhuLCioo1QBxfw,Jason
5xxnHBdGjRuJUfa25GighA,5.0,1.0,-4.0,5xxnHBdGjRuJUfa25GighA,Sam
XSJ2ty2i-rW-FMtCkcnlCA,5.0,1.0,-4.0,XSJ2ty2i-rW-FMtCkcnlCA,Rosa
W0diYsPwAMflHc_HQ48GNw,5.0,1.0,-4.0,W0diYsPwAMflHc_HQ48GNw,P
5aKXxntSBmVcDub0TN9BWw,5.0,1.0,-4.0,5aKXxntSBmVcDub0TN9BWw,Stephanie
60ymOFGCeSBdmSHO74YrgQ,5.0,1.0,-4.0,60ymOFGCeSBdmSHO74YrgQ,Kristin
XSzMz-1SjTthXPk8oTViQA,5.0,1.0,-4.0,XSzMz-1SjTthXPk8oTViQA,Hakeem
W4PSaih815u-bq9dnvwvvw,5.0,1.0,-4.0,W4PSaih815u-bq9dnvwvvw,Gus
5fp9LXa0C-NsIBB08DC05w,5.0,1.0,-4.0,5fp9LXa0C-NsIBB08DC05w,Jomico
65H00BvvCgtgD2PfTDR1cA,5.0,1.0,-4.0,65H00BvvCgtgD2PfTDR1cA,Louise
XViQffYibVjim-oUA54_Ng,5.0,1.0,-4.0,XViQffYibVjim-oUA54_Ng,Tod
W6GEKvnVaXBu3ggeXMCcCg,5.0,1.0,-4.0,W6GEKvnVaXBu3ggeXMCcCg,Steven
5oO-CUc5-BCEPwUSIEHO1A,5.0,1.0,-4.0,5oO-CUc5-BCEPwUSIEHO1A,Dan
69C-XODxPU4IkhuTmuUjRQ,5.0,1.0,-4.0,69C-XODxPU4IkhuTmuUjRQ,Amy
XbZt0hG6xP8JX-k1FGgIDQ,5.0,1.0,-4.0,XbZt0hG6xP8JX-k1FGgIDQ,Nate
W6kRAdabhoS9k4SEPy-luw,5.0,1.0,-4.0,W6kRAdabhoS9k4SEPy-luw,Issac
5vbPKcw7T38F-V1VrEwz2w,5.0,1.0,-4.0,5vbPKcw7T38F-V1VrEwz2w,Paula
6J0u-0rg61zPoEiarHbmow,5.0,1.0,-4.0,6J0u-0rg61zPoEiarHbmow,Anthony
XddDpOI9LmZv69WddQRrKA,5.0,1.0,-4.0,XddDpOI9LmZv69WddQRrKA,Oran
W7W_lWo-K7_lTXpcf2Ianw,5.0,1.0,-4.0,W7W_lWo-K7_lTXpcf2Ianw,Joshua
5xdIzZbNNa-LXTlcrc2Ijg,5.0,1.0,-4.0,5xdIzZbNNa-LXTlcrc2Ijg,Spencer
6JYwS13kbfVGI_5OTA_0GA,5.0,1.0,-4.0,6JYwS13kbfVGI_5OTA_0GA,Devin
XdgZKuw1hwxCZcPfRJHmNQ,5.0,1.0,-4.0,XdgZKuw1hwxCZcPfRJHmNQ,Jennifer
WBbukV0ZHLX9pewpCxRIsQ,5.0,1.0,-4.0,WBbukV0ZHLX9pewpCxRIsQ,Diane
66nw7Yu94SSUSmkZLDgNQw,5.0,1.0,-4.0,66nw7Yu94SSUSmkZLDgNQw,Jared
6WTQTfEngE5h2yqzJI9UiQ,5.0,1.0,-4.0,6WTQTfEngE5h2yqzJI9UiQ,Jennifer
XfGuwbSYZr4XN9jSHdux7A,5.0,1.0,-4.0,XfGuwbSYZr4XN9jSHdux7A,Maura
WC0SaAtBCaPjV_yoVa5r3g,5.0,1.0,-4.0,WC0SaAtBCaPjV_yoVa5r3g,Phyllis
69P9lY2PyPVmJuaf4XKZBQ,5.0,1.0,-4.0,69P9lY2PyPVmJuaf4XKZBQ,Linda
6amCzs5tP9Grn_ZsbyYZoQ,5.0,1.0,-4.0,6amCzs5tP9Grn_ZsbyYZoQ,Paul
XkV4pxhE-AEMoOk4CeqxYQ,5.0,1.0,-4.0,XkV4pxhE-AEMoOk4CeqxYQ,Jack
WDsfpbAOcPwOn1DVlkWIBg,5.0,1.0,-4.0,WDsfpbAOcPwOn1DVlkWIBg,Mary
6F0yIyx9rNed1BKwNdLssA,5.0,1.0,-4.0,6F0yIyx9rNed1BKwNdLssA,Sam
vO4Oar9vGzo9Br18PDH46g,5.0,1.0,-4.0,vO4Oar9vGzo9Br18PDH46g,Melodie
Xl6-f-1WjVYEsDQF08Wpbw,5.0,1.0,-4.0,Xl6-f-1WjVYEsDQF08Wpbw,Faith
WEf8p1ERQxWe83-O06i-aA,5.0,1.0,-4.0,WEf8p1ERQxWe83-O06i-aA,Linda
6HFBIYT_AaRaCt3hJBVQ3g,5.0,1.0,-4.0,6HFBIYT_AaRaCt3hJBVQ3g,Naomi
6nqRmY6NbttSpzWkVzMKsA,5.0,1.0,-4.0,6nqRmY6NbttSpzWkVzMKsA,Brian
Xp8r401XBHH7hCc2k_qoaA,5.0,1.0,-4.0,Xp8r401XBHH7hCc2k_qoaA,Addie
WH9Q09zcxkmPKwGC0bJqVw,5.0,1.0,-4.0,WH9Q09zcxkmPKwGC0bJqVw,Daniel
6OayBilvKtjLmla_EWTajA,5.0,1.0,-4.0,6OayBilvKtjLmla_EWTajA,Brandi
6pXzSPLjQ_wAHkseDCdL-g,5.0,1.0,-4.0,6pXzSPLjQ_wAHkseDCdL-g,Morg
XrIAT8piwBCyJqzhIhl5Ow,5.0,1.0,-4.0,XrIAT8piwBCyJqzhIhl5Ow,Jimmy
WIxUIeihfkIPASMpU-2hZA,5.0,1.0,-4.0,WIxUIeihfkIPASMpU-2hZA,Janelle
6U7oNatlAvm_Edg4kcn66Q,5.0,1.0,-4.0,6U7oNatlAvm_Edg4kcn66Q,Tim
6qdauppZipZtfUZ8yzKtCQ,5.0,1.0,-4.0,6qdauppZipZtfUZ8yzKtCQ,Robert
Xx3SUEa9zIcvhAwt9ZTTLA,5.0,1.0,-4.0,Xx3SUEa9zIcvhAwt9ZTTLA,Holly
WJi9bJIWxON1-7kLIXtFZA,5.0,1.0,-4.0,WJi9bJIWxON1-7kLIXtFZA,Debbie
6YIxKE_JKYeW9ixEbAhalg,5.0,1.0,-4.0,6YIxKE_JKYeW9ixEbAhalg,Chelsea
6x8pujxPUSknm2MoNgEVIQ,5.0,1.0,-4.0,6x8pujxPUSknm2MoNgEVIQ,Katie
XxamNJQ0ME3c1rErNFUJ3A,5.0,1.0,-4.0,XxamNJQ0ME3c1rErNFUJ3A,Gail
WKMFHVThlZpYBuFVz9bing,5.0,1.0,-4.0,WKMFHVThlZpYBuFVz9bing,Edgardo
6ds-eI5wJh9GUDQJdJbuqw,5.0,1.0,-4.0,6ds-eI5wJh9GUDQJdJbuqw,Kelly
71SV1C9qRegGXW0qbneafQ,5.0,1.0,-4.0,71SV1C9qRegGXW0qbneafQ,Katy
Y1tSJmHKvIIv1jESEupkcg,5.0,1.0,-4.0,Y1tSJmHKvIIv1jESEupkcg,Nancy
WL_brmercN3QSJ9dRyZEag,5.0,1.0,-4.0,WL_brmercN3QSJ9dRyZEag,Loraine
6ff5y5bgI-jzxTtYdJIvqA,5.0,1.0,-4.0,6ff5y5bgI-jzxTtYdJIvqA,Dr. Anna
76VgbbJZ1b6sEA3-rJHa5w,5.0,1.0,-4.0,76VgbbJZ1b6sEA3-rJHa5w,Neil
Y5Cm1W5xIavEjFF5cEqJlQ,5.0,1.0,-4.0,Y5Cm1W5xIavEjFF5cEqJlQ,E
WQLZ0UbsRdmat9z9nHMTKA,5.0,1.0,-4.0,WQLZ0UbsRdmat9z9nHMTKA,Mitra
6k1OZPVS2k3pkl7eSZIVDQ,5.0,1.0,-4.0,6k1OZPVS2k3pkl7eSZIVDQ,Bryan
7AosOzGPqAdzCjSAsxLd8g,5.0,1.0,-4.0,7AosOzGPqAdzCjSAsxLd8g,David
Y5gtbTjv0TyR2DEHg46y0w,5.0,1.0,-4.0,Y5gtbTjv0TyR2DEHg46y0w,Angelica
WR3Qp6vrlLkhG7LOj8QWeA,5.0,1.0,-4.0,WR3Qp6vrlLkhG7LOj8QWeA,Sarah
6oW2V1NH04ny4yMh4cSwag,5.0,1.0,-4.0,6oW2V1NH04ny4yMh4cSwag,Hannah
7ErBqZ0e_qV23tJM1psVYw,5.0,1.0,-4.0,7ErBqZ0e_qV23tJM1psVYw,Michael
Y9t2SwluiaHc05SOVJPvmw,5.0,1.0,-4.0,Y9t2SwluiaHc05SOVJPvmw,Alex
WU7SdJyvW7mORNvSZzT38A,5.0,1.0,-4.0,WU7SdJyvW7mORNvSZzT38A,Lajib
6pOSRo4Um2DEaiV3NWOhvQ,5.0,1.0,-4.0,6pOSRo4Um2DEaiV3NWOhvQ,Becky
7Kmyhmd4ifLvkqbT0LIfpQ,5.0,1.0,-4.0,7Kmyhmd4ifLvkqbT0LIfpQ,Nikki
Y9ytsVQ65S50PALkxOULcQ,5.0,1.0,-4.0,Y9ytsVQ65S50PALkxOULcQ,Shoe
WWHgHMeA93HRpxAaqq4W1Q,5.0,1.0,-4.0,WWHgHMeA93HRpxAaqq4W1Q,Katherine
6uSTFCYrBbAH0qxqI2y6vA,5.0,1.0,-4.0,6uSTFCYrBbAH0qxqI2y6vA,Jeff
7MfD5GRlUjorgaqWBlV60Q,5.0,1.0,-4.0,7MfD5GRlUjorgaqWBlV60Q,Brittany
YBSHjwjYqD8EXxDdQU2hUg,5.0,1.0,-4.0,YBSHjwjYqD8EXxDdQU2hUg,Kate
WhizaV1QYoKYCHD1bDM10g,5.0,1.0,-4.0,WhizaV1QYoKYCHD1bDM10g,Barbara
7-rEcSpUoA2D1BgrUr3o8A,5.0,1.0,-4.0,7-rEcSpUoA2D1BgrUr3o8A,Dominice
7SDEud_h-faxCb6zk6U5Lw,5.0,1.0,-4.0,7SDEud_h-faxCb6zk6U5Lw,Yolanda
YCQXtbHA45lQd9gibcSElg,5.0,1.0,-4.0,YCQXtbHA45lQd9gibcSElg,John
WiMnYVrmgf9y21Ss2EwT5A,5.0,1.0,-4.0,WiMnYVrmgf9y21Ss2EwT5A,Josh
76tlTSG3fcKYgPhkYPPE7A,5.0,1.0,-4.0,76tlTSG3fcKYgPhkYPPE7A,Arika
7YCdMd02mnZriT38dM8Fkw,5.0,1.0,-4.0,7YCdMd02mnZriT38dM8Fkw,Jerry
YEIX88ZJ2LQ2zWTqg4havQ,5.0,1.0,-4.0,YEIX88ZJ2LQ2zWTqg4havQ,Anisha
Wjbod0Q7328rGAVpD0NIFQ,5.0,1.0,-4.0,Wjbod0Q7328rGAVpD0NIFQ,Maria
78gTt189xY7QpkH5mMn5cg,5.0,1.0,-4.0,78gTt189xY7QpkH5mMn5cg,Henry
7aVgQfPmTIWH3xfV7UXhTw,5.0,1.0,-4.0,7aVgQfPmTIWH3xfV7UXhTw,Chad
YEwp5wHsnpRPBggZNCW2qQ,5.0,1.0,-4.0,YEwp5wHsnpRPBggZNCW2qQ,Rosemary
Wnpd1ke7a1XyiDvZ927FCQ,5.0,1.0,-4.0,Wnpd1ke7a1XyiDvZ927FCQ,Patricia
7ASK6NEggHrn4sf7snE95g,5.0,1.0,-4.0,7ASK6NEggHrn4sf7snE95g,Russel
7jA4R26LnsnErPpLYW_tHw,5.0,1.0,-4.0,7jA4R26LnsnErPpLYW_tHw,Maureen
YHClaAGwRMXkETf4aBIkAg,5.0,1.0,-4.0,YHClaAGwRMXkETf4aBIkAg,Calon
WtUnchu1m47MTv40JLmfeQ,5.0,1.0,-4.0,WtUnchu1m47MTv40JLmfeQ,Jose
7Gp0Mi08MbrO8VzDsP-pKQ,5.0,1.0,-4.0,7Gp0Mi08MbrO8VzDsP-pKQ,Greg
7ns8Uvj9fHTSIigTF-B1Lg,5.0,1.0,-4.0,7ns8Uvj9fHTSIigTF-B1Lg,Preston
YHUk2F9ucWgK9LxIqkFjLQ,5.0,1.0,-4.0,YHUk2F9ucWgK9LxIqkFjLQ,Caitlin
Wu4pMrWHYKLZrbEqp2UJpg,5.0,1.0,-4.0,Wu4pMrWHYKLZrbEqp2UJpg,Loida
7LMxHFp3YLfkA1AyyfVeNQ,5.0,1.0,-4.0,7LMxHFp3YLfkA1AyyfVeNQ,Steven
7pW90P90BCKEFKxDWYQuaA,5.0,1.0,-4.0,7pW90P90BCKEFKxDWYQuaA,Steven
YI6IkjrlE8Ywj6McRgfinQ,5.0,1.0,-4.0,YI6IkjrlE8Ywj6McRgfinQ,Jill
WxhuDCu01B3ThnEH_sBIlw,5.0,1.0,-4.0,WxhuDCu01B3ThnEH_sBIlw,Denise
7QIHt_QtewFoYp4FXccmcg,5.0,1.0,-4.0,7QIHt_QtewFoYp4FXccmcg,Shannon
7ubitFVnubBzheodsRdN4w,5.0,1.0,-4.0,7ubitFVnubBzheodsRdN4w,Tanner
YJuxUCZ9JywruxlZLv5buA,5.0,1.0,-4.0,YJuxUCZ9JywruxlZLv5buA,Carrie
X-w0QXTvUo3Y7htUJRHukw,5.0,1.0,-4.0,X-w0QXTvUo3Y7htUJRHukw,Mindy
7R-isAanMgPgNO43xBIgPQ,5.0,1.0,-4.0,7R-isAanMgPgNO43xBIgPQ,Alla
7zSPeT_XU2pyz8z7aPKqeA,5.0,1.0,-4.0,7zSPeT_XU2pyz8z7aPKqeA,Erica
YLGyPTeXfjxJOtLRI3n0Aw,5.0,1.0,-4.0,YLGyPTeXfjxJOtLRI3n0Aw,Gene
X0pPCYe5-SDekqmVX5urIQ,5.0,1.0,-4.0,X0pPCYe5-SDekqmVX5urIQ,Michelle
7VcNvEZ2n0eB8syxOrmT7w,5.0,1.0,-4.0,7VcNvEZ2n0eB8syxOrmT7w,Jason
81SDqKs4LMyOAWQCbEf3sw,5.0,1.0,-4.0,81SDqKs4LMyOAWQCbEf3sw,Rengi
YNJcX4H1r9KjBj9SvoovNw,5.0,1.0,-4.0,YNJcX4H1r9KjBj9SvoovNw,Olivia
X2xiI7lloOwTglgoKr3rlQ,5.0,1.0,-4.0,X2xiI7lloOwTglgoKr3rlQ,Faith
7gibhABwHlQGOTt6Iokm3w,5.0,1.0,-4.0,7gibhABwHlQGOTt6Iokm3w,Jerica
83jPXdQ9ViVeilM25Xq47w,5.0,1.0,-4.0,83jPXdQ9ViVeilM25Xq47w,Honee
YNPiWfGUfBFzHr1B1XSHJA,5.0,1.0,-4.0,YNPiWfGUfBFzHr1B1XSHJA,Clark
X89SPyEHgGgxK-0RIpa8lA,5.0,1.0,-4.0,X89SPyEHgGgxK-0RIpa8lA,Jeremy
7mUGslqeYo77e8jz4S0IIA,5.0,1.0,-4.0,7mUGslqeYo77e8jz4S0IIA,Jenny
86cODiM7-L3Xtthq1nr65Q,5.0,1.0,-4.0,86cODiM7-L3Xtthq1nr65Q,Carlos
YP5397G9XZSdap1xTI2pRw,5.0,1.0,-4.0,YP5397G9XZSdap1xTI2pRw,Joe
X9DobIZQmOtgW6NmZ7tKoA,5.0,1.0,-4.0,X9DobIZQmOtgW6NmZ7tKoA,Matt
7sbXN9iYMN6qM3vhSyiIkw,5.0,1.0,-4.0,7sbXN9iYMN6qM3vhSyiIkw,Lauren
89NACLYscjy1rcCJz-du8w,5.0,1.0,-4.0,89NACLYscjy1rcCJz-du8w,Ellen
YVPRc1G8JJ4I-GeuYVI2hg,5.0,1.0,-4.0,YVPRc1G8JJ4I-GeuYVI2hg,Tesh
XBY6zgaTZEArO8TwNUiqBA,5.0,1.0,-4.0,XBY6zgaTZEArO8TwNUiqBA,Rebecca
7xQCCcoQU4qlz-jUtHOuRQ,5.0,1.0,-4.0,7xQCCcoQU4qlz-jUtHOuRQ,Kelli
8Ch3nHUpzekJoM0FInAZ2A,5.0,1.0,-4.0,8Ch3nHUpzekJoM0FInAZ2A,Jennifer
YVfNoWLPztiCwKIXbijhyQ,5.0,1.0,-4.0,YVfNoWLPztiCwKIXbijhyQ,Bee
XGS7CN4RxR25sL94ki9lJg,5.0,1.0,-4.0,XGS7CN4RxR25sL94ki9lJg,John
80NFNcfGPCksl0lzuADeOA,5.0,1.0,-4.0,80NFNcfGPCksl0lzuADeOA,Joseph
8Ht5BhmO-2G1yNxBQ_9-sQ,5.0,1.0,-4.0,8Ht5BhmO-2G1yNxBQ_9-sQ,Paul
Y_PQGDZIaNwjSrJ9QrAwgQ,5.0,1.0,-4.0,Y_PQGDZIaNwjSrJ9QrAwgQ,Jonella
XJHCnMA2Cx4_xVxSUVSn6g,5.0,1.0,-4.0,XJHCnMA2Cx4_xVxSUVSn6g,Mary
82PUfJwa3FWdvO5bmbC2GQ,5.0,1.0,-4.0,82PUfJwa3FWdvO5bmbC2GQ,Sara
8KgP5sn65uRxFI7algjo0A,5.0,1.0,-4.0,8KgP5sn65uRxFI7algjo0A,Adam
Y_na7b5TR4I9cCS6ssFMTw,5.0,1.0,-4.0,Y_na7b5TR4I9cCS6ssFMTw,Michael
XMoRl_WpjTOEapmdzLc4Pw,5.0,1.0,-4.0,XMoRl_WpjTOEapmdzLc4Pw,Heather
897Hima_euOZofebUPk2PA,5.0,1.0,-4.0,897Hima_euOZofebUPk2PA,Genesis
8Ou7phmlSuW1pu-JwV3niA,5.0,1.0,-4.0,8Ou7phmlSuW1pu-JwV3niA,Laura
YaJT63CeWTX6xCK4z-YBRg,5.0,1.0,-4.0,YaJT63CeWTX6xCK4z-YBRg,Alyssa
XQ2rYPRx7Ld29eALI_2TsQ,5.0,1.0,-4.0,XQ2rYPRx7Ld29eALI_2TsQ,Corey
8DxRPXG0cIweknpN12B_rg,5.0,1.0,-4.0,8DxRPXG0cIweknpN12B_rg,Saadia
8VOB3E308ny3Z3Fi0yggQw,5.0,1.0,-4.0,8VOB3E308ny3Z3Fi0yggQw,Michael
YcJx-hTQnGgm-Bd6Pas5xw,5.0,1.0,-4.0,YcJx-hTQnGgm-Bd6Pas5xw,Kelli
XQBiAxgCfoHDIg81Svrh2A,5.0,1.0,-4.0,XQBiAxgCfoHDIg81Svrh2A,Tracey
8H6IedW622xF_bgZnt6xDw,5.0,1.0,-4.0,8H6IedW622xF_bgZnt6xDw,Christina
8YIbVE8P47GnZ5hcg-78yg,5.0,1.0,-4.0,8YIbVE8P47GnZ5hcg-78yg,Cheri
YdAQtodg1olClMFhNzeQ1Q,5.0,1.0,-4.0,YdAQtodg1olClMFhNzeQ1Q,Cynthia
XSe5urvJZov-fK-5_7lgpQ,5.0,1.0,-4.0,XSe5urvJZov-fK-5_7lgpQ,Meaghan
8OHkSxQRVfmMu5uQATi83g,5.0,1.0,-4.0,8OHkSxQRVfmMu5uQATi83g,Jasmine
8ZzpI6AMTEu10n4VrhShBA,5.0,1.0,-4.0,8ZzpI6AMTEu10n4VrhShBA,Patrick
YezGiJEIbz32n1TGfBytjA,5.0,1.0,-4.0,YezGiJEIbz32n1TGfBytjA,Janet
XTFMDUOT3oDEFvPHrHOm7g,5.0,1.0,-4.0,XTFMDUOT3oDEFvPHrHOm7g,Paula
8Qbl7pGDmeEnMiPIHZSomw,5.0,1.0,-4.0,8Qbl7pGDmeEnMiPIHZSomw,Kevin
8dO0pC9d0aE6NfPFwDEk-Q,5.0,1.0,-4.0,8dO0pC9d0aE6NfPFwDEk-Q,Alison
YgxEIEKZjQWsHwwVACfxKw,5.0,1.0,-4.0,YgxEIEKZjQWsHwwVACfxKw,Bruce
XUi62qdlclGHZkMlPBTlfA,5.0,1.0,-4.0,XUi62qdlclGHZkMlPBTlfA,Leigha
8WSTG25LddpQ5_T5OgQ0Ig,5.0,1.0,-4.0,8WSTG25LddpQ5_T5OgQ0Ig,Lisa
8n923bF47J7P0S77uZVwuA,5.0,1.0,-4.0,8n923bF47J7P0S77uZVwuA,Ken
Yp-e6VQNCBRFFhT_aeCAtw,5.0,1.0,-4.0,Yp-e6VQNCBRFFhT_aeCAtw,Susan
XVuzHZhM09EGeFSTK93Yow,5.0,1.0,-4.0,XVuzHZhM09EGeFSTK93Yow,Miriam
8XCktpYwvhq-CXFjNU104A,5.0,1.0,-4.0,8XCktpYwvhq-CXFjNU104A,Derrick
8swiHyby-OkBYo9M8GMGPQ,5.0,1.0,-4.0,8swiHyby-OkBYo9M8GMGPQ,Sara
Yr2vMfxJMU6hn955OsBZOQ,5.0,1.0,-4.0,Yr2vMfxJMU6hn955OsBZOQ,Steve
XZUipq5qqwFgMYt02sNB1A,5.0,1.0,-4.0,XZUipq5qqwFgMYt02sNB1A,Amanda
8atPGh3vtgEkrwLbjLiPYQ,5.0,1.0,-4.0,8atPGh3vtgEkrwLbjLiPYQ,Frank
8x9rk4KDc-SG-r_ulE9Rrw,5.0,1.0,-4.0,8x9rk4KDc-SG-r_ulE9Rrw,DawnMarie
YreaoZlYETl802AUhlkmjQ,5.0,1.0,-4.0,YreaoZlYETl802AUhlkmjQ,Eliot
X_icLIFYkd6JoCALWMVvow,5.0,1.0,-4.0,X_icLIFYkd6JoCALWMVvow,Joe
8kSuPw4Bs2jsXuShY3ILqw,5.0,1.0,-4.0,8kSuPw4Bs2jsXuShY3ILqw,Anne
91Lg3rx1rYSjcGxOLOJ9Cg,5.0,1.0,-4.0,91Lg3rx1rYSjcGxOLOJ9Cg,Cammy
YtK2Cx60MQxIFqPAQvD6Hg,5.0,1.0,-4.0,YtK2Cx60MQxIFqPAQvD6Hg,John
XanQvPUTUQ5GICbTGw3PXg,5.0,1.0,-4.0,XanQvPUTUQ5GICbTGw3PXg,Allison
8r3mdrv1mxmqGYM4Qf8PGw,5.0,1.0,-4.0,8r3mdrv1mxmqGYM4Qf8PGw,Whitney
94pxhkapMjN47Xe814rs6w,5.0,1.0,-4.0,94pxhkapMjN47Xe814rs6w,Beth
YuEN6DCHRiQeFmb2sS9dDA,5.0,1.0,-4.0,YuEN6DCHRiQeFmb2sS9dDA,Jessica
Xcm1owDLpec5DwL1moGWyg,5.0,1.0,-4.0,Xcm1owDLpec5DwL1moGWyg,Amanda
8w3GgJGx-83ywTHFEZ7-EA,5.0,1.0,-4.0,8w3GgJGx-83ywTHFEZ7-EA,Elizabeth
97SoQ-S0ox7c8_VpJmcY6g,5.0,1.0,-4.0,97SoQ-S0ox7c8_VpJmcY6g,Raquel
YvCMWA1wo4RD6erlzPcr6w,5.0,1.0,-4.0,YvCMWA1wo4RD6erlzPcr6w,Debbie
Xg55-g7SqQZvVZ3UkBy-xQ,5.0,1.0,-4.0,Xg55-g7SqQZvVZ3UkBy-xQ,Charles
8weShqG3JzAZT30kPmkDIA,5.0,1.0,-4.0,8weShqG3JzAZT30kPmkDIA,Pietro
9C2pOcVAya_oAFGMUS3IBQ,5.0,1.0,-4.0,9C2pOcVAya_oAFGMUS3IBQ,Tee
YwIZn4QRdrZ66wZCbLm97g,5.0,1.0,-4.0,YwIZn4QRdrZ66wZCbLm97g,Martha
XiBS3MJr5EUAGh7NA_Kabg,5.0,1.0,-4.0,XiBS3MJr5EUAGh7NA_Kabg,Joe
8yPkHId_mclmGrRkKqSZQQ,5.0,1.0,-4.0,8yPkHId_mclmGrRkKqSZQQ,Bryan
9HJe0MfXUDoPTmAeePTkQw,5.0,1.0,-4.0,9HJe0MfXUDoPTmAeePTkQw,Danielle
YwrATrNNd5zwjYM_hDl62A,5.0,1.0,-4.0,YwrATrNNd5zwjYM_hDl62A,Alyssa
Xiets2Vf694H5iYhIUqGkw,5.0,1.0,-4.0,Xiets2Vf694H5iYhIUqGkw,Debbie
94C13W70OtDokoS_6qEjGA,5.0,1.0,-4.0,94C13W70OtDokoS_6qEjGA,Stephanie
9JhThaP_S2vkJruCm0NogQ,5.0,1.0,-4.0,9JhThaP_S2vkJruCm0NogQ,Meredith
Z2Sev462Sy1XZZ8r-ZqIDg,5.0,1.0,-4.0,Z2Sev462Sy1XZZ8r-ZqIDg,Marty N Beth
XmNd9isPUKVGhq8Tyj_ytA,5.0,1.0,-4.0,XmNd9isPUKVGhq8Tyj_ytA,Erica
9EtF8fqUEFd56J28jbngSg,5.0,1.0,-4.0,9EtF8fqUEFd56J28jbngSg,Carl
9LFq2gJ-eusakah3hljRCw,5.0,1.0,-4.0,9LFq2gJ-eusakah3hljRCw,Heather
Z2kRIrwderR4gwhNZrfL2A,5.0,1.0,-4.0,Z2kRIrwderR4gwhNZrfL2A,Shane
Xo3fYvzBlnd7oR9riApSWw,5.0,1.0,-4.0,Xo3fYvzBlnd7oR9riApSWw,Olivia
9Nh9HpTNLPgEcTSwNJnNNA,5.0,1.0,-4.0,9Nh9HpTNLPgEcTSwNJnNNA,A
9Nt7DYfF9CfVj-XClVTEiA,5.0,1.0,-4.0,9Nt7DYfF9CfVj-XClVTEiA,John
Z33QyfGJKPA81GaOAPzeXg,5.0,1.0,-4.0,Z33QyfGJKPA81GaOAPzeXg,Lizzy
Xtq_mMUHH2u5fRpbawfldA,5.0,1.0,-4.0,Xtq_mMUHH2u5fRpbawfldA,Gloria
9PdTeInGEQ0Qw3MvpgrvPg,5.0,1.0,-4.0,9PdTeInGEQ0Qw3MvpgrvPg,Kara
9POPNfUg74TaxXZINZqtyw,5.0,1.0,-4.0,9POPNfUg74TaxXZINZqtyw,Kat
Z4f_UvfXHzNKWqboHrFwQQ,5.0,1.0,-4.0,Z4f_UvfXHzNKWqboHrFwQQ,Mo
Y10NfXAK6DINAnqK-R8JcQ,5.0,1.0,-4.0,Y10NfXAK6DINAnqK-R8JcQ,Art
9QcEFwXEonZ4iPhUFwc2VQ,5.0,1.0,-4.0,9QcEFwXEonZ4iPhUFwc2VQ,Mininna
9Rc1mUOWkjPG7V-GnjDe6A,5.0,1.0,-4.0,9Rc1mUOWkjPG7V-GnjDe6A,Keisha
ZA3Vh1bV_OjZDmSujqnpJQ,5.0,1.0,-4.0,ZA3Vh1bV_OjZDmSujqnpJQ,Alex
Y2fBkou3spRa_39Ub4NdjQ,5.0,1.0,-4.0,Y2fBkou3spRa_39Ub4NdjQ,Mindy
9ShsT93r-4HC_D6_WtrpqA,5.0,1.0,-4.0,9ShsT93r-4HC_D6_WtrpqA,Jen
9XkZU7TrpmNla-g-Qy66Ag,5.0,1.0,-4.0,9XkZU7TrpmNla-g-Qy66Ag,Monique
ZCbzmdMS6m2oqfqsDn_AJQ,5.0,1.0,-4.0,ZCbzmdMS6m2oqfqsDn_AJQ,Scott
Y4BuJMfJzA_a6SE56kf_RQ,5.0,1.0,-4.0,Y4BuJMfJzA_a6SE56kf_RQ,Justin
9XXYRm2ZO-gjUYv-4IUUFQ,5.0,1.0,-4.0,9XXYRm2ZO-gjUYv-4IUUFQ,Lisa
9ceBdyhDNGFjk6fRhHA0hg,5.0,1.0,-4.0,9ceBdyhDNGFjk6fRhHA0hg,Monica
ZEEtRiORrpSrUETNcjTwxg,5.0,1.0,-4.0,ZEEtRiORrpSrUETNcjTwxg,Sandy
Y8GruBt9CbkD_79-TyIyKw,5.0,1.0,-4.0,Y8GruBt9CbkD_79-TyIyKw,Asad
9cqe2kOZm9I6QvBGuJKyig,5.0,1.0,-4.0,9cqe2kOZm9I6QvBGuJKyig,Jonathon
9hP9g9OF-2EH6K6Le2NfjQ,5.0,1.0,-4.0,9hP9g9OF-2EH6K6Le2NfjQ,Shaily
ZFiCP2iBozULUUaW2Fg9Ng,5.0,1.0,-4.0,ZFiCP2iBozULUUaW2Fg9Ng,Marina
Y9NAAVWt31VaJsi9VTZ8CQ,5.0,1.0,-4.0,Y9NAAVWt31VaJsi9VTZ8CQ,David
9fyejkOxRGLDvqUIfWWckA,5.0,1.0,-4.0,9fyejkOxRGLDvqUIfWWckA,Amziani
9mIENpT_ADQci5qo4VDlLA,5.0,1.0,-4.0,9mIENpT_ADQci5qo4VDlLA,Brandon
ZH9r2NpDAn7YW9n_MNBPuQ,5.0,1.0,-4.0,ZH9r2NpDAn7YW9n_MNBPuQ,Jamie
YCs_8fNuTNJ12qW2MLtcoA,5.0,1.0,-4.0,YCs_8fNuTNJ12qW2MLtcoA,Toya
9lRHxUHQh6LNlsU4ixxH6A,5.0,1.0,-4.0,9lRHxUHQh6LNlsU4ixxH6A,Victoria
9ssaFErmBFIeVYEhzqaC7A,5.0,1.0,-4.0,9ssaFErmBFIeVYEhzqaC7A,Maggie
ZLCgcaHjqQaGhaOfA05mHw,5.0,1.0,-4.0,ZLCgcaHjqQaGhaOfA05mHw,Catherine
YCxvXkD3GTTFWLf0h_QjKQ,5.0,1.0,-4.0,YCxvXkD3GTTFWLf0h_QjKQ,Cluxroy
9x9eRHLW91FJphltvhPeOg,5.0,1.0,-4.0,9x9eRHLW91FJphltvhPeOg,Diana
9x74U44mj8xti0R61nP4DQ,5.0,1.0,-4.0,9x74U44mj8xti0R61nP4DQ,Amanda
ZOfmC1LwrDSeI9wY-3Av-A,5.0,1.0,-4.0,ZOfmC1LwrDSeI9wY-3Av-A,Mia
YE_Pho9VGkH7b33PFmRDzg,5.0,1.0,-4.0,YE_Pho9VGkH7b33PFmRDzg,Doug
9zvVTvPGSzsEdTKEOrj0Tw,5.0,1.0,-4.0,9zvVTvPGSzsEdTKEOrj0Tw,Kat
A-sWSf5WlaLsq-AuOs4iuA,5.0,1.0,-4.0,A-sWSf5WlaLsq-AuOs4iuA,Gwen
ZPQph0XWi19v7OnSOwQT5Q,5.0,1.0,-4.0,ZPQph0XWi19v7OnSOwQT5Q,Nicklaus
YEkXnzRzQkheB9Po7S1JdQ,5.0,1.0,-4.0,YEkXnzRzQkheB9Po7S1JdQ,Elena
A2j1zWF-bWfQ6ZOovGXpEA,5.0,1.0,-4.0,A2j1zWF-bWfQ6ZOovGXpEA,Jess
A2RWMzNlwTyBc0gqCFuhGA,5.0,1.0,-4.0,A2RWMzNlwTyBc0gqCFuhGA,Scott
ZPVedgM1UxH0YEj6TFb_Wg,5.0,1.0,-4.0,ZPVedgM1UxH0YEj6TFb_Wg,Ashley
YFAdUb_yBCf-Z6teOeiDOA,5.0,1.0,-4.0,YFAdUb_yBCf-Z6teOeiDOA,Cindy
A53uSWB_t6l9CeS13HYZ3A,5.0,1.0,-4.0,A53uSWB_t6l9CeS13HYZ3A,April
A7xwnVMoxPa2ccZJULR2zw,5.0,1.0,-4.0,A7xwnVMoxPa2ccZJULR2zw,Recover
ZQSOgCj2_P6ejHr5N2xIqA,5.0,1.0,-4.0,ZQSOgCj2_P6ejHr5N2xIqA,Laney
YID8X152CQ5YgRHO8BD0ng,5.0,1.0,-4.0,YID8X152CQ5YgRHO8BD0ng,Andrew
AJXCyv7FBAOGbCJ_A5IGjA,5.0,1.0,-4.0,AJXCyv7FBAOGbCJ_A5IGjA,Trudi
ADopix2fowXZ-EyU-pwY9w,5.0,1.0,-4.0,ADopix2fowXZ-EyU-pwY9w,Emily
ZWNTLf9nip5el1pmyFtsUw,5.0,1.0,-4.0,ZWNTLf9nip5el1pmyFtsUw,Matt
YM11RoxXeq1_VkrZZyscOA,5.0,1.0,-4.0,YM11RoxXeq1_VkrZZyscOA,Keith
AM_IE3SFiJoutFvHd1oLZQ,5.0,1.0,-4.0,AM_IE3SFiJoutFvHd1oLZQ,Kali
AFr0dwiErJEjUnoZyvjNQg,5.0,1.0,-4.0,AFr0dwiErJEjUnoZyvjNQg,D
ZXhcG_34CW6gqZJYymM9NQ,5.0,1.0,-4.0,ZXhcG_34CW6gqZJYymM9NQ,Blake
YQ1yqhVj_kJj7-QIS9tKZQ,5.0,1.0,-4.0,YQ1yqhVj_kJj7-QIS9tKZQ,Brad
AOjGDRymzMBVVsgwiMYTDQ,5.0,1.0,-4.0,AOjGDRymzMBVVsgwiMYTDQ,Mark
AJOWy5lkYDrP6U72Zk9wpg,5.0,1.0,-4.0,AJOWy5lkYDrP6U72Zk9wpg,Michelle
ZYp-pEkZNVfcLMyRRB7jGQ,5.0,1.0,-4.0,ZYp-pEkZNVfcLMyRRB7jGQ,Miranda
YWFZqemjUNso-f9EXSmzMw,5.0,1.0,-4.0,YWFZqemjUNso-f9EXSmzMw,Patrick
ATHt5U4I-BeV4a35GfS1tA,5.0,1.0,-4.0,ATHt5U4I-BeV4a35GfS1tA,Gina
AJkHbABf81c7J_jCYXDCoQ,5.0,1.0,-4.0,AJkHbABf81c7J_jCYXDCoQ,Lisa
Z_FhXRpiw4UM_ZauwwigVw,5.0,1.0,-4.0,Z_FhXRpiw4UM_ZauwwigVw,Ryan
YaUpZFCmXbNpYCjnPvQxBw,5.0,1.0,-4.0,YaUpZFCmXbNpYCjnPvQxBw,Frank
AWzH91gBpRJ5pQTm_q09pQ,5.0,1.0,-4.0,AWzH91gBpRJ5pQTm_q09pQ,Patrick
AL7001TSCTkgf8mx7sK4YA,5.0,1.0,-4.0,AL7001TSCTkgf8mx7sK4YA,Brad
Z_a-KLoFvqDNTLFw4p_xqA,5.0,1.0,-4.0,Z_a-KLoFvqDNTLFw4p_xqA,Richie
Yan4SpIpZG8yCHIi695B_w,5.0,1.0,-4.0,Yan4SpIpZG8yCHIi695B_w,Jodie
AdhHlx2q5TV5HwBthGw4Ag,5.0,1.0,-4.0,AdhHlx2q5TV5HwBthGw4Ag,Lauren
AS8hVhdJyhwSQZMdf3E6xA,5.0,1.0,-4.0,AS8hVhdJyhwSQZMdf3E6xA,Laurel
ZazRhwscNJLH-0enU6DL5A,5.0,1.0,-4.0,ZazRhwscNJLH-0enU6DL5A,Brittney
YcCBwvKbKhkCMsAd5HCBDg,5.0,1.0,-4.0,YcCBwvKbKhkCMsAd5HCBDg,Veronica
AhisDSaaZG--XrLSe7egHQ,5.0,1.0,-4.0,AhisDSaaZG--XrLSe7egHQ,Raquel
Aa4JKGc2EZLlp66hniFDRg,5.0,1.0,-4.0,Aa4JKGc2EZLlp66hniFDRg,Monica
ZgS0sHw7lBE7GfV_alDBtw,5.0,1.0,-4.0,ZgS0sHw7lBE7GfV_alDBtw,Alicia
Yn_QQgsOY-9OyrRm5pdv4g,5.0,1.0,-4.0,Yn_QQgsOY-9OyrRm5pdv4g,Ronald
At-c_l-UCldYRpddtIzIuA,5.0,1.0,-4.0,At-c_l-UCldYRpddtIzIuA,Daliany
AcRkw2mLW2Z5Lq86NzM4IQ,5.0,1.0,-4.0,AcRkw2mLW2Z5Lq86NzM4IQ,Robyn
ZiBPUQlr4oq2l9ei63mGgQ,5.0,1.0,-4.0,ZiBPUQlr4oq2l9ei63mGgQ,Angela
Yoz_g1MHPAgBafi-cWKscw,5.0,1.0,-4.0,Yoz_g1MHPAgBafi-cWKscw,Donna
Avdl-Ai1WEH09C2bXSIcew,5.0,1.0,-4.0,Avdl-Ai1WEH09C2bXSIcew,Tracy
AfSXNSG96krlxNwQv4YCLg,5.0,1.0,-4.0,AfSXNSG96krlxNwQv4YCLg,Dallas
ZihSwzh1OSPmVxPglqHF-A,5.0,1.0,-4.0,ZihSwzh1OSPmVxPglqHF-A,Dylan
Yprc0G-IpT2R9hESt61jmQ,5.0,1.0,-4.0,Yprc0G-IpT2R9hESt61jmQ,Kristy
B0ooAjNKrAuY_OPqvqWVjA,5.0,1.0,-4.0,B0ooAjNKrAuY_OPqvqWVjA,Elvira
AozXSNubrNvgTzvGBJ3uow,5.0,1.0,-4.0,AozXSNubrNvgTzvGBJ3uow,Emily
ZldLfp7GgRQQMTqtvM4kYw,5.0,1.0,-4.0,ZldLfp7GgRQQMTqtvM4kYw,Susan
Ys6971GSMCVVirjgcIVKdA,5.0,1.0,-4.0,Ys6971GSMCVVirjgcIVKdA,Necia
B20YKzD24_35tXCg6d0S_Q,5.0,1.0,-4.0,B20YKzD24_35tXCg6d0S_Q,Jessica
AvXWTXqki9b6bppyLxZKlQ,5.0,1.0,-4.0,AvXWTXqki9b6bppyLxZKlQ,Marylee
ZncG0XCqB1JT7MjD2bfvJg,5.0,1.0,-4.0,ZncG0XCqB1JT7MjD2bfvJg,Jimmy
Ys7sf9A3If4COlx24tgphw,5.0,1.0,-4.0,Ys7sf9A3If4COlx24tgphw,Brandy
B6ssoswvStPkhdIU_XDo2w,5.0,1.0,-4.0,B6ssoswvStPkhdIU_XDo2w,Nina
B7g6JL3HQ0eeDs4VS-x3ug,5.0,1.0,-4.0,B7g6JL3HQ0eeDs4VS-x3ug,Amanda
ZqyG822txFgGbtGPVS9BqQ,5.0,1.0,-4.0,ZqyG822txFgGbtGPVS9BqQ,Blake
YwzUTTfVtedRo85cVCOk6w,5.0,1.0,-4.0,YwzUTTfVtedRo85cVCOk6w,Edmond
B9pnt3uTn7VUkaQ7j41mIA,5.0,1.0,-4.0,B9pnt3uTn7VUkaQ7j41mIA,Dave
BK0slDYUUT7ZWoHMCV7Vmg,5.0,1.0,-4.0,BK0slDYUUT7ZWoHMCV7Vmg,Lisa
ZzSBgxx-Q0dlDlB2G1knng,5.0,1.0,-4.0,ZzSBgxx-Q0dlDlB2G1knng,Thomas
Z29ab22Fi2p1uLSONpUmyw,5.0,1.0,-4.0,Z29ab22Fi2p1uLSONpUmyw,Melinda
BNi_-n3sBD4A_dHqzFrN7w,5.0,1.0,-4.0,BNi_-n3sBD4A_dHqzFrN7w,Patrick
BNV5FympBXjYM9UOHJ-eeA,5.0,1.0,-4.0,BNV5FympBXjYM9UOHJ-eeA,Kimberly
_-TqiFMAvImRYRk2wmWt_Q,5.0,1.0,-4.0,_-TqiFMAvImRYRk2wmWt_Q,Palmer
Z4UK2pdh-LEKy1N2-pFUQg,5.0,1.0,-4.0,Z4UK2pdh-LEKy1N2-pFUQg,David
BRrVlfM37txEfM4nYBA0AQ,5.0,1.0,-4.0,BRrVlfM37txEfM4nYBA0AQ,Emily
BVWG7AExtRDOgiO9rQ9NMw,5.0,1.0,-4.0,BVWG7AExtRDOgiO9rQ9NMw,Jenny
_3arTYe6Y7qR4s9PxvoSbQ,5.0,1.0,-4.0,_3arTYe6Y7qR4s9PxvoSbQ,Raisa
Z6FfiNg725RKZQs5ndnRPg,5.0,1.0,-4.0,Z6FfiNg725RKZQs5ndnRPg,David
BfHsbg5Fk900HNFA1ksN4g,5.0,1.0,-4.0,BfHsbg5Fk900HNFA1ksN4g,Jessica
BXpK6wBstkIHe71bJlJFFw,5.0,1.0,-4.0,BXpK6wBstkIHe71bJlJFFw,Nichole
_5PkqQ5bppEOdasIwXSd8A,5.0,1.0,-4.0,_5PkqQ5bppEOdasIwXSd8A,Cristen
Z7Tt-XZoLxQAlD1rd4Vc5A,5.0,1.0,-4.0,Z7Tt-XZoLxQAlD1rd4Vc5A,Thea
Bj1elDIoIp3fMcYNKKjtzg,5.0,1.0,-4.0,Bj1elDIoIp3fMcYNKKjtzg,Marilyn
BcM3qSGXGeHOviKWuScxPg,5.0,1.0,-4.0,BcM3qSGXGeHOviKWuScxPg,Ann
_5jnDkbNYonWY6xygX3WzQ,5.0,1.0,-4.0,_5jnDkbNYonWY6xygX3WzQ,Thu
Z8zN4voJtfvDjRdde43Z7g,5.0,1.0,-4.0,Z8zN4voJtfvDjRdde43Z7g,Gordon
BqGt5sK5I9P0b0Ln_0itiw,5.0,1.0,-4.0,BqGt5sK5I9P0b0Ln_0itiw,Allie
Be-Wttt5DLJTMtKFZRSlFg,5.0,1.0,-4.0,Be-Wttt5DLJTMtKFZRSlFg,Meghan
_ChVD_JeISiQPVf6Q06bGg,5.0,1.0,-4.0,_ChVD_JeISiQPVf6Q06bGg,Luke
Z9OaVdnHb8DoB9Ivgzx-_w,5.0,1.0,-4.0,Z9OaVdnHb8DoB9Ivgzx-_w,Angelina
BurYfxA5dDPdrPOhzkSOnw,5.0,1.0,-4.0,BurYfxA5dDPdrPOhzkSOnw,George
Box5rbuz_ag5AMIERsmnPg,5.0,1.0,-4.0,Box5rbuz_ag5AMIERsmnPg,Russell
_KfDB2TFd_aC-b2g4asX0A,5.0,1.0,-4.0,_KfDB2TFd_aC-b2g4asX0A,Michelle
ZAjv3KwTsZQpH2tgc1sMng,5.0,1.0,-4.0,ZAjv3KwTsZQpH2tgc1sMng,Brian
C-1A5JXa9XFai2XC6jg3yg,5.0,1.0,-4.0,C-1A5JXa9XFai2XC6jg3yg,Rachel
Bwxu_PcjcbQZeHz1EOEyGA,5.0,1.0,-4.0,Bwxu_PcjcbQZeHz1EOEyGA,Evelyn
_LRdiR79-clAhWzektJPLA,5.0,1.0,-4.0,_LRdiR79-clAhWzektJPLA,Lori
ZDw9fS_gM-VU_xYTYKHa7A,5.0,1.0,-4.0,ZDw9fS_gM-VU_xYTYKHa7A,Pat
C14wyfUxlYy-P9RhMDufSw,5.0,1.0,-4.0,C14wyfUxlYy-P9RhMDufSw,Derek
C1KflOOhUygcM6uKUafiig,5.0,1.0,-4.0,C1KflOOhUygcM6uKUafiig,Evyett
_VwElMdlFxcrCcNVKU-IAg,5.0,1.0,-4.0,_VwElMdlFxcrCcNVKU-IAg,Quiona
ZDw_qN5Fy6PE0gdbVYvafQ,5.0,1.0,-4.0,ZDw_qN5Fy6PE0gdbVYvafQ,Kari
C42Omb6k8opX8TTrA60hUA,5.0,1.0,-4.0,C42Omb6k8opX8TTrA60hUA,Jennifer
C23IQ8Ww_UCgy_TwiIZtAw,5.0,1.0,-4.0,C23IQ8Ww_UCgy_TwiIZtAw,Kevin
_W7NGr8bjpCD73TvFCDFYA,5.0,1.0,-4.0,_W7NGr8bjpCD73TvFCDFYA,Joe
ZGvwvKjH8psDAZanAdpfLw,5.0,1.0,-4.0,ZGvwvKjH8psDAZanAdpfLw,Mariana
CD6AydpU406aUKkjufnwhg,5.0,1.0,-4.0,CD6AydpU406aUKkjufnwhg,Johana
C9ETw4Ef4rfKSivmFkpnUA,5.0,1.0,-4.0,C9ETw4Ef4rfKSivmFkpnUA,Mary
_bKfUfOBfljffCmZRHZoTA,5.0,1.0,-4.0,_bKfUfOBfljffCmZRHZoTA,Cher
ZIZ7AsgnwYgYvRimuHOcqw,5.0,1.0,-4.0,ZIZ7AsgnwYgYvRimuHOcqw,Cate
CO9SVcFqxbglNBOvkQY4Lw,5.0,1.0,-4.0,CO9SVcFqxbglNBOvkQY4Lw,Sonya
CD5P3M9RkwjABNyoj_ScyA,5.0,1.0,-4.0,CD5P3M9RkwjABNyoj_ScyA,Elise
_bzArWySdQPwIpJyj9GpIQ,5.0,1.0,-4.0,_bzArWySdQPwIpJyj9GpIQ,Heather
ZKsZjc7-lcML2nV4VR01_g,5.0,1.0,-4.0,ZKsZjc7-lcML2nV4VR01_g,Dimitriy
Cd2DWaSszcvS2J6qbOfHBQ,5.0,1.0,-4.0,Cd2DWaSszcvS2J6qbOfHBQ,Andrew
COU7sySD_vuCH5PmvZ5jKA,5.0,1.0,-4.0,COU7sySD_vuCH5PmvZ5jKA,Keith
_gNP446ZjIuHMqcRYYWs4w,5.0,1.0,-4.0,_gNP446ZjIuHMqcRYYWs4w,Christine
ZLHwnF0MrGET6KXN9-As9g,5.0,1.0,-4.0,ZLHwnF0MrGET6KXN9-As9g,Susan
-2Z2Qc-dM5VWlw6v-Gs-rg,5.0,1.0,-4.0,-2Z2Qc-dM5VWlw6v-Gs-rg,Jackson
CRUnFjEI3OcQCvZNIMWdRw,5.0,1.0,-4.0,CRUnFjEI3OcQCvZNIMWdRw,alexandra
_kaMIiDYSFDRNgVZAdifNw,5.0,1.0,-4.0,_kaMIiDYSFDRNgVZAdifNw,Ben
ZQ6sEAh_JaLCWK0ITOOepA,5.0,1.0,-4.0,ZQ6sEAh_JaLCWK0ITOOepA,Lynae
Ckyp8hnusIrke1h2hg6Vxw,5.0,1.0,-4.0,Ckyp8hnusIrke1h2hg6Vxw,Kamal
CYAJq22264BPL4-v1fNw2w,5.0,1.0,-4.0,CYAJq22264BPL4-v1fNw2w,Sandy
_kviNbQbxTsx80y0nMsjIw,5.0,1.0,-4.0,_kviNbQbxTsx80y0nMsjIw,Doris
ZQOuidFl39jT17hD-hvcmQ,5.0,1.0,-4.0,ZQOuidFl39jT17hD-hvcmQ,Stephan
CloVtg5lMa8O52974jKnMg,5.0,1.0,-4.0,CloVtg5lMa8O52974jKnMg,Monica
CbhwSKiZSDi6U5ne9IZYsg,5.0,1.0,-4.0,CbhwSKiZSDi6U5ne9IZYsg,Aria
_m4DBrUeuNs0gpPhhoRL1Q,5.0,1.0,-4.0,_m4DBrUeuNs0gpPhhoRL1Q,Bay
ZUoye_vUaC3T02sB9UrvFg,5.0,1.0,-4.0,ZUoye_vUaC3T02sB9UrvFg,Gary
CrNvYWuUhdY5rpyhIYmQ1w,5.0,1.0,-4.0,CrNvYWuUhdY5rpyhIYmQ1w,Patricia
ChB9m6n6CGYmyUDMHr3oLQ,5.0,1.0,-4.0,ChB9m6n6CGYmyUDMHr3oLQ,Michael
a19sBP_J4W_L26TfsJhrww,5.0,1.0,-4.0,a19sBP_J4W_L26TfsJhrww,Alma
ZVTeUbsqIJaowM3KOEOwnQ,5.0,1.0,-4.0,ZVTeUbsqIJaowM3KOEOwnQ,Danielle
CzmqFprTF-X9sFZwUZBxtw,5.0,1.0,-4.0,CzmqFprTF-X9sFZwUZBxtw,Judy
Cms7-xlXWOwUJYB0o5Rsuw,5.0,1.0,-4.0,Cms7-xlXWOwUJYB0o5Rsuw,Yanil
a5H8sPo9j22G6Kdnz40mGA,5.0,1.0,-4.0,a5H8sPo9j22G6Kdnz40mGA,Nicole
ZWaM5hUj6M3RqyxcU3UlSw,5.0,1.0,-4.0,ZWaM5hUj6M3RqyxcU3UlSw,Anqi
D08yVqW53m9zBL87i7TB3A,5.0,1.0,-4.0,D08yVqW53m9zBL87i7TB3A,Mark
CtTkoUlIvbkniGlgE87-Hw,5.0,1.0,-4.0,CtTkoUlIvbkniGlgE87-Hw,Drew
a5eTvh7FnqO2RzKarNbgFw,5.0,1.0,-4.0,a5eTvh7FnqO2RzKarNbgFw,Katie
Za4lQy-7GRgauUyWf5ndcA,5.0,1.0,-4.0,Za4lQy-7GRgauUyWf5ndcA,Jennifer
D1H3Yt6bjDZTO2CTmfqwAg,5.0,1.0,-4.0,D1H3Yt6bjDZTO2CTmfqwAg,Amy
CxhysGaPBDy-hba5u1UfXQ,5.0,1.0,-4.0,CxhysGaPBDy-hba5u1UfXQ,Sabuj
a76n2y2wmEQ6tJKQgqCBWg,5.0,1.0,-4.0,a76n2y2wmEQ6tJKQgqCBWg,Rachel
Zaqw5-SxdGgxo4nCxMLwhw,5.0,1.0,-4.0,Zaqw5-SxdGgxo4nCxMLwhw,Samantha
D7Av4KcBFQHcorrU4Pya6A,5.0,1.0,-4.0,D7Av4KcBFQHcorrU4Pya6A,Ankita
D4Yc8bNBy-zwYvASsq8lTg,5.0,1.0,-4.0,D4Yc8bNBy-zwYvASsq8lTg,Dirian
a82X8f6UC2USldavCKVM2A,5.0,1.0,-4.0,a82X8f6UC2USldavCKVM2A,Arianna
ZdP8qy3sSYIMFyGiUqh1QQ,5.0,1.0,-4.0,ZdP8qy3sSYIMFyGiUqh1QQ,Julia
DDfd52r_H1pejU_GckIP4Q,5.0,1.0,-4.0,DDfd52r_H1pejU_GckIP4Q,Beth
DAt3pGQk3_sySNUZ4VhEpg,5.0,1.0,-4.0,DAt3pGQk3_sySNUZ4VhEpg,Deanna
a8pIETi4CajLJuDaQ1MiGg,5.0,1.0,-4.0,a8pIETi4CajLJuDaQ1MiGg,Anita
ZefKDWy2MOyXloZEhxhScQ,5.0,1.0,-4.0,ZefKDWy2MOyXloZEhxhScQ,Rhonda
DF0SuXvOp6RQRUBQ-ZOxsQ,5.0,1.0,-4.0,DF0SuXvOp6RQRUBQ-ZOxsQ,I
DCERXbM6lzA04QhDEh7n3A,5.0,1.0,-4.0,DCERXbM6lzA04QhDEh7n3A,Scott
a8zvcLUbult6hZhOw5VWKA,5.0,1.0,-4.0,a8zvcLUbult6hZhOw5VWKA,Terry
ZggRADdlZMNiIGwkp3zq1g,5.0,1.0,-4.0,ZggRADdlZMNiIGwkp3zq1g,Robin
DOOD-IErdPMCPni86plqtA,5.0,1.0,-4.0,DOOD-IErdPMCPni86plqtA,Tracy
DETLSrjm7NH-rCLzU8mJKA,5.0,1.0,-4.0,DETLSrjm7NH-rCLzU8mJKA,Kylia
aAUZ13Bqqs6-JwIFOyT78g,5.0,1.0,-4.0,aAUZ13Bqqs6-JwIFOyT78g,Elizabeth
ZkXPbwynEj6n9Xyffsr8Gg,5.0,1.0,-4.0,ZkXPbwynEj6n9Xyffsr8Gg,Angela
DPl70D4O3RwzRAJ5gt-GBw,5.0,1.0,-4.0,DPl70D4O3RwzRAJ5gt-GBw,Elise
DGn-yzzo0K3xUAxg899eTg,5.0,1.0,-4.0,DGn-yzzo0K3xUAxg899eTg,Sam
aB_6yb89525QLkkZZUxeWA,5.0,1.0,-4.0,aB_6yb89525QLkkZZUxeWA,Ron
Zs64pdJuONx45Rf13-dZ0A,5.0,1.0,-4.0,Zs64pdJuONx45Rf13-dZ0A,Tim
DaQbhoNPwo5CW8QmZu52tg,5.0,1.0,-4.0,DaQbhoNPwo5CW8QmZu52tg,Ashley
DPA5y38IpXhc-7-UowQAZg,5.0,1.0,-4.0,DPA5y38IpXhc-7-UowQAZg,Bob
aBnpO9G29OdGUWJHRR005g,5.0,1.0,-4.0,aBnpO9G29OdGUWJHRR005g,Luis
Zs_Pr9nCqBCb-ztwXzqpzw,5.0,1.0,-4.0,Zs_Pr9nCqBCb-ztwXzqpzw,Sabrina
DeA1tmIi-TidvBFPEsR-Cg,5.0,1.0,-4.0,DeA1tmIi-TidvBFPEsR-Cg,Lawrence
DTH-ZTeDQRDY0egLHVgdKQ,5.0,1.0,-4.0,DTH-ZTeDQRDY0egLHVgdKQ,Joshua
aD59gZvlciGclNMmH1n9_w,5.0,1.0,-4.0,aD59gZvlciGclNMmH1n9_w,David
ZsjqXne4ng6pakvURGqhng,5.0,1.0,-4.0,ZsjqXne4ng6pakvURGqhng,Sharell
Dfq5pZ255rPpTCht5ClCuQ,5.0,1.0,-4.0,Dfq5pZ255rPpTCht5ClCuQ,Arnet
DTllklRozXfrf30YzNKevw,5.0,1.0,-4.0,DTllklRozXfrf30YzNKevw,Fred
aDKXspzx-a9GT9n2eS--vA,5.0,1.0,-4.0,aDKXspzx-a9GT9n2eS--vA,D
Zta3yDyaWgoderXEc2jF_Q,5.0,1.0,-4.0,Zta3yDyaWgoderXEc2jF_Q,Carly
DjzQQlFp9JVTEwWXZNXBMg,5.0,1.0,-4.0,DjzQQlFp9JVTEwWXZNXBMg,Ryan
DZCQL1dQoDDru8F9CH5tMg,5.0,1.0,-4.0,DZCQL1dQoDDru8F9CH5tMg,George
aDyYLt5eImohDC-0Scb-8Q,5.0,1.0,-4.0,aDyYLt5eImohDC-0Scb-8Q,Larissa
Zx8QXFMgJ0XFxZkV-LdMRg,5.0,1.0,-4.0,Zx8QXFMgJ0XFxZkV-LdMRg,Kimberly
DpiJTmDYH-YeYoLYw_l9nw,5.0,1.0,-4.0,DpiJTmDYH-YeYoLYw_l9nw,Jenny
Dbc83mGoMfNLF5D7aiwdBQ,5.0,1.0,-4.0,Dbc83mGoMfNLF5D7aiwdBQ,Kevin
aFSp85n0_f3SJPS4vMtabA,5.0,1.0,-4.0,aFSp85n0_f3SJPS4vMtabA,Soph
_0tOPDY9zLVXoaurSgKz1Q,5.0,1.0,-4.0,_0tOPDY9zLVXoaurSgKz1Q,Mike
DtAgm2faleMhkVgLzFPWqQ,5.0,1.0,-4.0,DtAgm2faleMhkVgLzFPWqQ,Marcie
Dep6vqGV05x01-1setBy9g,5.0,1.0,-4.0,Dep6vqGV05x01-1setBy9g,WC
aLK4GmKT_0gHmJAe7q_b9g,5.0,1.0,-4.0,aLK4GmKT_0gHmJAe7q_b9g,Martha
_A_c6MLn4T679aE9FdthLA,5.0,1.0,-4.0,_A_c6MLn4T679aE9FdthLA,Jodi
DuaisxE1cLH9a8TAasTcuQ,5.0,1.0,-4.0,DuaisxE1cLH9a8TAasTcuQ,Emily
DhT6P3z6_F0yNCmSBcY7ZA,5.0,1.0,-4.0,DhT6P3z6_F0yNCmSBcY7ZA,Ariana
aMd3XTQFg3cmeyq-l3u4qA,5.0,1.0,-4.0,aMd3XTQFg3cmeyq-l3u4qA,Kate
_CMDI7nqcb97-7MNHQPHRw,5.0,1.0,-4.0,_CMDI7nqcb97-7MNHQPHRw,Brunette
E2D6_nLxIk0MvZeQkSnQUw,5.0,1.0,-4.0,E2D6_nLxIk0MvZeQkSnQUw,John
DkQU5ThSEikbxwRH1ENlZQ,5.0,1.0,-4.0,DkQU5ThSEikbxwRH1ENlZQ,Kayla
aQtskXTp_YwWCkl4YucUfg,5.0,1.0,-4.0,aQtskXTp_YwWCkl4YucUfg,Ric
_Cho0lvsOmneQMnwIdYwmg,5.0,1.0,-4.0,_Cho0lvsOmneQMnwIdYwmg,Lindy
EB_jtMMYVPAC8X46NCRNTQ,5.0,1.0,-4.0,EB_jtMMYVPAC8X46NCRNTQ,Stephanie
Dupy6sFfE-TPYg4X9Uofag,5.0,1.0,-4.0,Dupy6sFfE-TPYg4X9Uofag,Deanna
aSu8h-4mIj_CAPiPQVCF2Q,5.0,1.0,-4.0,aSu8h-4mIj_CAPiPQVCF2Q,Marissa
_M6RaNhoAJlIMHS0G5ZTYw,5.0,1.0,-4.0,_M6RaNhoAJlIMHS0G5ZTYw,Mark
ECfzAJq_5hapy8K52kYU9A,5.0,1.0,-4.0,ECfzAJq_5hapy8K52kYU9A,Stephanie
DyA1CT8DQIHvdIARAP0RgA,5.0,1.0,-4.0,DyA1CT8DQIHvdIARAP0RgA,Molly
aTGXt_eZeiamJO5eQ9DP4w,5.0,1.0,-4.0,aTGXt_eZeiamJO5eQ9DP4w,Danny
_NphnYUIsGpnhmUl_TIlbw,5.0,1.0,-4.0,_NphnYUIsGpnhmUl_TIlbw,Renee
EG_49aV6NYyMN_UOAWwFNA,5.0,1.0,-4.0,EG_49aV6NYyMN_UOAWwFNA,Nina
DyH4knn-xBmwylkruabYqw,5.0,1.0,-4.0,DyH4knn-xBmwylkruabYqw,Edie
aUyLS4sKdSrPN1UCCst4KQ,5.0,1.0,-4.0,aUyLS4sKdSrPN1UCCst4KQ,Megan
_O0jbRsOkqqpYWb7kBLs9A,5.0,1.0,-4.0,_O0jbRsOkqqpYWb7kBLs9A,Jenny
EJL73TEjm2sanYTzhUIAPQ,5.0,1.0,-4.0,EJL73TEjm2sanYTzhUIAPQ,Ellen
Dyv7cEnGjzM5YHImjp3oyQ,5.0,1.0,-4.0,Dyv7cEnGjzM5YHImjp3oyQ,Joell
aV896BhPqKONdvFUsVf1Jg,5.0,1.0,-4.0,aV896BhPqKONdvFUsVf1Jg,Chris
_OWFU065eSXcYv3uXEb8LQ,5.0,1.0,-4.0,_OWFU065eSXcYv3uXEb8LQ,Rach
ELV-uy4Mvq1I8Hs6HdCcDw,5.0,1.0,-4.0,ELV-uy4Mvq1I8Hs6HdCcDw,Aspen
E5JFO4omBW0mevyB_pccUQ,5.0,1.0,-4.0,E5JFO4omBW0mevyB_pccUQ,Mike
aZljFFFRGP3s7xiqoH6NNg,5.0,1.0,-4.0,aZljFFFRGP3s7xiqoH6NNg,Doug
_OqPd8CQsyEju1T4ggMw0w,5.0,1.0,-4.0,_OqPd8CQsyEju1T4ggMw0w,Matt
ERXNMBBBLNIfTvSKV9XrKA,5.0,1.0,-4.0,ERXNMBBBLNIfTvSKV9XrKA,Christopher
EH83JEhC_gkSxR68pzMwVw,5.0,1.0,-4.0,EH83JEhC_gkSxR68pzMwVw,Bianca
a_r4xXHRhmQbLoRczQ2PnA,5.0,1.0,-4.0,a_r4xXHRhmQbLoRczQ2PnA,Julia
_Phc2eumzxCd3qg3n_bKfw,5.0,1.0,-4.0,_Phc2eumzxCd3qg3n_bKfw,Juliette
EZGSJAIlezsUvF-KtTo6Mw,5.0,1.0,-4.0,EZGSJAIlezsUvF-KtTo6Mw,Callie
EJ-TwONA0gCuYKUtXipSoQ,5.0,1.0,-4.0,EJ-TwONA0gCuYKUtXipSoQ,Yana
aa6FCBR50OjEcHC8dDkHVw,5.0,1.0,-4.0,aa6FCBR50OjEcHC8dDkHVw,Pamela
_PtclhQVIkMsq-ZSfqOkSw,5.0,1.0,-4.0,_PtclhQVIkMsq-ZSfqOkSw,Jeff
EeG7ivi5Dhokh_EDRUwnkg,5.0,1.0,-4.0,EeG7ivi5Dhokh_EDRUwnkg,Kimberly
EMpm0dJAeaJtWo5PsUQgmA,5.0,1.0,-4.0,EMpm0dJAeaJtWo5PsUQgmA,Benjamin
afLRaCV8_EbwtPrsFTHI4w,5.0,1.0,-4.0,afLRaCV8_EbwtPrsFTHI4w,Dee
_QLnHEWYua1gxpaAo3Nv8Q,5.0,1.0,-4.0,_QLnHEWYua1gxpaAo3Nv8Q,J.D.
Emr6KyFaRCjxYVqcShGa1Q,5.0,1.0,-4.0,Emr6KyFaRCjxYVqcShGa1Q,John
E_ysh6nffXabUpZlxvEI6w,5.0,1.0,-4.0,E_ysh6nffXabUpZlxvEI6w,Stacey
afudnUcRyZ1PwjlNY1HP9Q,5.0,1.0,-4.0,afudnUcRyZ1PwjlNY1HP9Q,Allegra
_UDX-lfVZvSrWp5esPZ8pw,5.0,1.0,-4.0,_UDX-lfVZvSrWp5esPZ8pw,Mike
EwEHKt3Bpp275FSAHW7N4Q,5.0,1.0,-4.0,EwEHKt3Bpp275FSAHW7N4Q,Jenny
EcWQ6x90vn2g4jXNB48PuQ,5.0,1.0,-4.0,EcWQ6x90vn2g4jXNB48PuQ,Ryan
atgeP4vXJnfl611uc4NUSg,5.0,1.0,-4.0,atgeP4vXJnfl611uc4NUSg,Jason
_e08mtxQ4OrL9sxdFly0ig,5.0,1.0,-4.0,_e08mtxQ4OrL9sxdFly0ig,Jada
F0YnlAPZCMAuhV_3gxWfQw,5.0,1.0,-4.0,F0YnlAPZCMAuhV_3gxWfQw,Andrew
ElZRnijYNeCPFqCi71FIRQ,5.0,1.0,-4.0,ElZRnijYNeCPFqCi71FIRQ,Katy
ayQ_9_wyYp--HM1ix70Rng,5.0,1.0,-4.0,ayQ_9_wyYp--HM1ix70Rng,Brenda
_hZag1CkA4-DV1RVp2y9_A,5.0,1.0,-4.0,_hZag1CkA4-DV1RVp2y9_A,Taviah
F6RfBMjJwWxYK-jLaie_cw,5.0,1.0,-4.0,F6RfBMjJwWxYK-jLaie_cw,Bint
EnWuehUTJXMPh3l6R9aNDA,5.0,1.0,-4.0,EnWuehUTJXMPh3l6R9aNDA,John
b0APnLVhGofObZFE0MIlBg,5.0,1.0,-4.0,b0APnLVhGofObZFE0MIlBg,Dede
_ikh3grn8WlfpVDGTnj0uQ,5.0,1.0,-4.0,_ikh3grn8WlfpVDGTnj0uQ,Alex
F7qkNwYaI1sBpVbOxTxptw,5.0,1.0,-4.0,F7qkNwYaI1sBpVbOxTxptw,Patrick
EuRupmJQ2M32X0TrvncPBg,5.0,1.0,-4.0,EuRupmJQ2M32X0TrvncPBg,Stephanie
b0E3bUfXHqKfcff29_GZQw,5.0,1.0,-4.0,b0E3bUfXHqKfcff29_GZQw,Mike
_ju176v_39qMTlieEOL9rQ,5.0,1.0,-4.0,_ju176v_39qMTlieEOL9rQ,Jiggy
F9lwNGyyhXEnCMVEHVyDSA,5.0,1.0,-4.0,F9lwNGyyhXEnCMVEHVyDSA,Brianna
EwMN7KA2aOEV_sQ586K5dQ,5.0,1.0,-4.0,EwMN7KA2aOEV_sQ586K5dQ,Simone
b65lqLB53pVfZXZH5SJh3Q,5.0,1.0,-4.0,b65lqLB53pVfZXZH5SJh3Q,Daniel
_m5LRWBLY561gT9b3yUoIA,5.0,1.0,-4.0,_m5LRWBLY561gT9b3yUoIA,Erica
FEgjrNNq3BpphHN8bMgh-A,5.0,1.0,-4.0,FEgjrNNq3BpphHN8bMgh-A,Landon
F1xZ6BlGlRuzMJOjAVquLw,5.0,1.0,-4.0,F1xZ6BlGlRuzMJOjAVquLw,Andres
b6i5bdKjWEsNtBW9DPuthA,5.0,1.0,-4.0,b6i5bdKjWEsNtBW9DPuthA,Kitty
_o1RpPa9OssiiEwEOnr6ew,5.0,1.0,-4.0,_o1RpPa9OssiiEwEOnr6ew,Justin
FJjXS05tQSXPJzrNF9UVoA,5.0,1.0,-4.0,FJjXS05tQSXPJzrNF9UVoA,Adam
F97FMMdTrBA1P3sYuSk87g,5.0,1.0,-4.0,F97FMMdTrBA1P3sYuSk87g,Debbie
bAGrNN5I78GJyd0ZPrsfAg,5.0,1.0,-4.0,bAGrNN5I78GJyd0ZPrsfAg,Danny
_r7eVa-qCwJ_k2PbdDdBfw,5.0,1.0,-4.0,_r7eVa-qCwJ_k2PbdDdBfw,Rich
FR27WOSVQ2tIYODzK2ADww,5.0,1.0,-4.0,FR27WOSVQ2tIYODzK2ADww,Chantal
FI_kK1f02rOsB1PGg4bkbA,5.0,1.0,-4.0,FI_kK1f02rOsB1PGg4bkbA,Am
bAnX-H4piWTzy7LAlmeRDA,5.0,1.0,-4.0,bAnX-H4piWTzy7LAlmeRDA,Sandy
_rkQTU2tnd1UVBuAM618_w,5.0,1.0,-4.0,_rkQTU2tnd1UVBuAM618_w,Ellen
FX5FxLnZ-7zvSNHXi3nvag,5.0,1.0,-4.0,FX5FxLnZ-7zvSNHXi3nvag,Javier
FKtbg9vgF7y1d49NM7GHMg,5.0,1.0,-4.0,FKtbg9vgF7y1d49NM7GHMg,Elli
bAt76-a_zI0hoBty9oFkUQ,5.0,1.0,-4.0,bAt76-a_zI0hoBty9oFkUQ,Angelina
_x-DHW4WEvTJ4pW5HgKpbA,5.0,1.0,-4.0,_x-DHW4WEvTJ4pW5HgKpbA,Kathleen
F_Mu4FgNt-j40iAJpR8nEA,5.0,1.0,-4.0,F_Mu4FgNt-j40iAJpR8nEA,Martin
FRe4TdwFALhwV7fTEDLFAg,5.0,1.0,-4.0,FRe4TdwFALhwV7fTEDLFAg,Rikki
bB5757w4n94TzEEMv6CZjA,5.0,1.0,-4.0,bB5757w4n94TzEEMv6CZjA,Mayra
_xLmfOhEYUj2hfDz6aLpRA,5.0,1.0,-4.0,_xLmfOhEYUj2hfDz6aLpRA,Rasim
FdZnGfRzPcaqUk25RBKAHg,5.0,1.0,-4.0,FdZnGfRzPcaqUk25RBKAHg,Amanda
FUjz6b4QAs9BS5s92RVpow,5.0,1.0,-4.0,FUjz6b4QAs9BS5s92RVpow,Cory
bD3Xrd0HWnaM1cJ_geFbyg,5.0,1.0,-4.0,bD3Xrd0HWnaM1cJ_geFbyg,Gary
_xytN941yZQRN0aAE3-Y5w,5.0,1.0,-4.0,_xytN941yZQRN0aAE3-Y5w,Nicole
FeD876xMfnUHOkKO5Q6JCw,5.0,1.0,-4.0,FeD876xMfnUHOkKO5Q6JCw,Joe
F_FEa4WjK7QehYwD34EiyA,5.0,1.0,-4.0,F_FEa4WjK7QehYwD34EiyA,Deann
bDhEnNIN6BFf-7w-6meDSw,5.0,1.0,-4.0,bDhEnNIN6BFf-7w-6meDSw,Val
_zxhPkj7mW-czSKpOI8C1w,5.0,1.0,-4.0,_zxhPkj7mW-czSKpOI8C1w,Adam
FpTODk-fPCvClKIVgYY3ng,5.0,1.0,-4.0,FpTODk-fPCvClKIVgYY3ng,Keren
FffXpXAMzrGIj4pztPcKgQ,5.0,1.0,-4.0,FffXpXAMzrGIj4pztPcKgQ,Brian
bJksIlKq2idYH_Fru99Y9w,5.0,1.0,-4.0,bJksIlKq2idYH_Fru99Y9w,Daun
a-GYhkjqNhRZLl05Bi0Prg,5.0,1.0,-4.0,a-GYhkjqNhRZLl05Bi0Prg,Benjamin
Fpj0bXLHjcwhIXXlRYu-Ew,5.0,1.0,-4.0,Fpj0bXLHjcwhIXXlRYu-Ew,Sarah
FiSEOnASZP8TBr1rdmC4Jw,5.0,1.0,-4.0,FiSEOnASZP8TBr1rdmC4Jw,Harley
bKWoUK5YmcdcGukgvNTejg,5.0,1.0,-4.0,bKWoUK5YmcdcGukgvNTejg,Tabitha
a0uMHuWxAq8bMfevYGSo0w,5.0,1.0,-4.0,a0uMHuWxAq8bMfevYGSo0w,Jenn
FtsSIxt6msDvsT-A8r8gPw,5.0,1.0,-4.0,FtsSIxt6msDvsT-A8r8gPw,James
FkrFggxoQw2FqdUy7diFvw,5.0,1.0,-4.0,FkrFggxoQw2FqdUy7diFvw,Theada
bKahHc7Pg6yx-PJhYlyrLQ,5.0,1.0,-4.0,bKahHc7Pg6yx-PJhYlyrLQ,Lauren
a1WqkY3P_3R6I2rwiXX-GA,5.0,1.0,-4.0,a1WqkY3P_3R6I2rwiXX-GA,rani
FvDMQmjt5diar67Ahm6aXw,5.0,1.0,-4.0,FvDMQmjt5diar67Ahm6aXw,Steve
FpdqSLxKvoncCcRRxQyHTg,5.0,1.0,-4.0,FpdqSLxKvoncCcRRxQyHTg,Rebecca
bKobU01Fk-q8dyWLoQnSnQ,5.0,1.0,-4.0,bKobU01Fk-q8dyWLoQnSnQ,Barry
a5kBLgSNPHtc9Ku3A7q_-g,5.0,1.0,-4.0,a5kBLgSNPHtc9Ku3A7q_-g,Marianne
G1FsYHv4XqyNuWMBxdbdkw,5.0,1.0,-4.0,G1FsYHv4XqyNuWMBxdbdkw,Roger
FvqQ1KSBf-ia76BywjtUbw,5.0,1.0,-4.0,FvqQ1KSBf-ia76BywjtUbw,James
bMaz1CKsyWTuG6_mh24COA,5.0,1.0,-4.0,bMaz1CKsyWTuG6_mh24COA,Nick
a7ULPU_IBYnJrFVoqHaRyQ,5.0,1.0,-4.0,a7ULPU_IBYnJrFVoqHaRyQ,Chris
G7bFr_9_cqQoFOoC0PHtwA,5.0,1.0,-4.0,G7bFr_9_cqQoFOoC0PHtwA,Karen
G-gONZwyLMJoLS3YMKcKTQ,5.0,1.0,-4.0,G-gONZwyLMJoLS3YMKcKTQ,Leslie
bP91Y_1F3D_at1Qx9y3AVA,5.0,1.0,-4.0,bP91Y_1F3D_at1Qx9y3AVA,Nathan
a7jmHoZBzOaBEdNS-E4kxA,5.0,1.0,-4.0,a7jmHoZBzOaBEdNS-E4kxA,Jordan
GDTKchawP9ySYcdjHNYKZg,5.0,1.0,-4.0,GDTKchawP9ySYcdjHNYKZg,Meka
G3godP_Ck61Iy2V2IcHHgA,5.0,1.0,-4.0,G3godP_Ck61Iy2V2IcHHgA,Andrew
bRXWU0AzFsowaagr5EZRtw,5.0,1.0,-4.0,bRXWU0AzFsowaagr5EZRtw,Cindi
a8SS9Xprm_CKhPMzqm21Qg,5.0,1.0,-4.0,a8SS9Xprm_CKhPMzqm21Qg,Dee
GH6YmRKS56FLtgHVy2pSjw,5.0,1.0,-4.0,GH6YmRKS56FLtgHVy2pSjw,James
GCCXs3lzugp4VNFfIYw9cA,5.0,1.0,-4.0,GCCXs3lzugp4VNFfIYw9cA,Hana
bUfHkMqWsadt080LrI9jBQ,5.0,1.0,-4.0,bUfHkMqWsadt080LrI9jBQ,Matt
a9L6CmNBThN1fS3enfyO2w,5.0,1.0,-4.0,a9L6CmNBThN1fS3enfyO2w,Robert
GMsTOVXYCKb6CVykaaQT4g,5.0,1.0,-4.0,GMsTOVXYCKb6CVykaaQT4g,Monique
GCXQK_HRNU5Zyyz7DKESKQ,5.0,1.0,-4.0,GCXQK_HRNU5Zyyz7DKESKQ,Jill
bVykdP4AGvhoSfeuzb9PgQ,5.0,1.0,-4.0,bVykdP4AGvhoSfeuzb9PgQ,JoNathan
aBGzqw-izh8m05BchxJf4g,5.0,1.0,-4.0,aBGzqw-izh8m05BchxJf4g,RJ
GRvjyCxYUsIIhXGsZl28BQ,5.0,1.0,-4.0,GRvjyCxYUsIIhXGsZl28BQ,deborah
GEhU12jrBoT8ULS3FUmLGA,5.0,1.0,-4.0,GEhU12jrBoT8ULS3FUmLGA,Leslie
bYBtfjKEKvpCrIfYXGI0-Q,5.0,1.0,-4.0,bYBtfjKEKvpCrIfYXGI0-Q,Nicole
aCeYzecd2wxaOAlMvQK2Ag,5.0,1.0,-4.0,aCeYzecd2wxaOAlMvQK2Ag,Shannon
GUGA0FFZlS_Kx8-E-oVKuA,5.0,1.0,-4.0,GUGA0FFZlS_Kx8-E-oVKuA,Amanda
GFZBL9klHN7JRSBmeuVHDQ,5.0,1.0,-4.0,GFZBL9klHN7JRSBmeuVHDQ,Sophia
bZYd2gJ99a5RAyaBtXsNog,5.0,1.0,-4.0,bZYd2gJ99a5RAyaBtXsNog,Lori
aEaPnJ2U8SWXzjNPvQe4Mg,5.0,1.0,-4.0,aEaPnJ2U8SWXzjNPvQe4Mg,Hannah
GY8Wr9AwdFmlTKKreAqijA,5.0,1.0,-4.0,GY8Wr9AwdFmlTKKreAqijA,Ryan
GHlWvMrS3teFDjbUbD8-ng,5.0,1.0,-4.0,GHlWvMrS3teFDjbUbD8-ng,Terri
bgPJBUAmNsQqkBC08vgr2Q,5.0,1.0,-4.0,bgPJBUAmNsQqkBC08vgr2Q,C
aIaXvfPXU10KQWUZlUQX1g,5.0,1.0,-4.0,aIaXvfPXU10KQWUZlUQX1g,Kaitlyn
GbWQw1ZzaS2K-8GygaBZNA,5.0,1.0,-4.0,GbWQw1ZzaS2K-8GygaBZNA,Kathleen
GP5jPPlbzaPvy3sn3j3_jg,5.0,1.0,-4.0,GP5jPPlbzaPvy3sn3j3_jg,D.
bh43bsNHalCOt3oE8YCn6g,5.0,1.0,-4.0,bh43bsNHalCOt3oE8YCn6g,Hannah
aJKbg5iY_vkEufocs9qnZQ,5.0,1.0,-4.0,aJKbg5iY_vkEufocs9qnZQ,Nasi
GlA4ZQl9pnL3npeRd4116Q,5.0,1.0,-4.0,GlA4ZQl9pnL3npeRd4116Q,Lauren
GU2ydSaDy5g2HMqYwvlRtQ,5.0,1.0,-4.0,GU2ydSaDy5g2HMqYwvlRtQ,Kim
bhCvg_2DxQYt_IxfYPZY2Q,5.0,1.0,-4.0,bhCvg_2DxQYt_IxfYPZY2Q,Marty
aNIhAVykTWuWH8ykYFTU5A,5.0,1.0,-4.0,aNIhAVykTWuWH8ykYFTU5A,Jennifer
Gq-F8ETUhaJoGTYBtSD5wA,5.0,1.0,-4.0,Gq-F8ETUhaJoGTYBtSD5wA,C.
GZVwVXy6eAAjxzZANz_f_A,5.0,1.0,-4.0,GZVwVXy6eAAjxzZANz_f_A,Heather
bha19GURLMLtuUuV80kc0A,5.0,1.0,-4.0,bha19GURLMLtuUuV80kc0A,Lisa
aQLwQ6ui_sk81g98X7i4mQ,5.0,1.0,-4.0,aQLwQ6ui_sk81g98X7i4mQ,Hopper
GspVSFVI5pCJ53cHr6p8Yw,5.0,1.0,-4.0,GspVSFVI5pCJ53cHr6p8Yw,Tyler
Gf_mOUd1mAsh8TnUSF_fwA,5.0,1.0,-4.0,Gf_mOUd1mAsh8TnUSF_fwA,David
bqwbWctR_7w0jpjAJTz1Uw,5.0,1.0,-4.0,bqwbWctR_7w0jpjAJTz1Uw,Summer
aT3DFYMCT47CWzmHN_D7dA,5.0,1.0,-4.0,aT3DFYMCT47CWzmHN_D7dA,John
GzF2EqQMOg5H23vtuYasQQ,5.0,1.0,-4.0,GzF2EqQMOg5H23vtuYasQQ,Marie
Gr0JA7CkDNQiCbT0IaOqYg,5.0,1.0,-4.0,Gr0JA7CkDNQiCbT0IaOqYg,Tony
bsDIU-ynwkLP7XhE1nrIZA,5.0,1.0,-4.0,bsDIU-ynwkLP7XhE1nrIZA,Karri
aVmnUwLInYJyts5MtcsMGg,5.0,1.0,-4.0,aVmnUwLInYJyts5MtcsMGg,Alison
H50gigCoj6yGtRFFl0BlTA,5.0,1.0,-4.0,H50gigCoj6yGtRFFl0BlTA,Melanie
GzGDct1lCz15TZuKZRFrpw,5.0,1.0,-4.0,GzGDct1lCz15TZuKZRFrpw,Alexis
bx7deINjSXiswmIYKkX3Qg,5.0,1.0,-4.0,bx7deINjSXiswmIYKkX3Qg,Gabriel
aWBF-VXIlPv5HVsfNWuc0g,5.0,1.0,-4.0,aWBF-VXIlPv5HVsfNWuc0g,Katie
HAV3-DmdjmbVVkMrmZ-v3w,5.0,1.0,-4.0,HAV3-DmdjmbVVkMrmZ-v3w,Laura
H13U5ac3V11fO96nEJI2WA,5.0,1.0,-4.0,H13U5ac3V11fO96nEJI2WA,Charlie
byNFlOq-kACPhzCB3x_KFQ,5.0,1.0,-4.0,byNFlOq-kACPhzCB3x_KFQ,Heidi
aZzfUkPHVAmaYOn5oGyAvw,5.0,1.0,-4.0,aZzfUkPHVAmaYOn5oGyAvw,Alexa
HH8plvAD8KGfAbRBLxiuvQ,5.0,1.0,-4.0,HH8plvAD8KGfAbRBLxiuvQ,Laura
H4kX4ZEfQ2r7S4KHo9blYg,5.0,1.0,-4.0,H4kX4ZEfQ2r7S4KHo9blYg,Jason
bzJUa8I9F--beFLh4IE2qQ,5.0,1.0,-4.0,bzJUa8I9F--beFLh4IE2qQ,Shelby
a_JFA_CcGCjccz-D-bgXtw,5.0,1.0,-4.0,a_JFA_CcGCjccz-D-bgXtw,Patrick
HNOxqQbi7RhVU_CG2S4KJQ,5.0,1.0,-4.0,HNOxqQbi7RhVU_CG2S4KJQ,Matt
H9PJ4rC3nELHED8iCIkmKA,5.0,1.0,-4.0,H9PJ4rC3nELHED8iCIkmKA,Bradford
c-Kn2GP4KiKdhGjHzANk4Q,5.0,1.0,-4.0,c-Kn2GP4KiKdhGjHzANk4Q,Barbara
aac4hFissY6yX5n01H3z5A,5.0,1.0,-4.0,aac4hFissY6yX5n01H3z5A,Anthony
HTeBcwVzmOeRfSrZkOVLpA,5.0,1.0,-4.0,HTeBcwVzmOeRfSrZkOVLpA,Josh
HNtWkSv8VFj4AvRmStzl6g,5.0,1.0,-4.0,HNtWkSv8VFj4AvRmStzl6g,Annie
c1MikgQVp6uWVltfez3DUw,5.0,1.0,-4.0,c1MikgQVp6uWVltfez3DUw,Tracey
ai8Cxat8LA_q__vgcF2L4A,5.0,1.0,-4.0,ai8Cxat8LA_q__vgcF2L4A,Kelley
HWlWaki8n19U1sm_UKAdqw,5.0,1.0,-4.0,HWlWaki8n19U1sm_UKAdqw,Shaun
HQGYEl3ScC9eKTeTtpStLg,5.0,1.0,-4.0,HQGYEl3ScC9eKTeTtpStLg,David
c2hSTeabxQ2mdmW7faVeyA,5.0,1.0,-4.0,c2hSTeabxQ2mdmW7faVeyA,J
akNwBcv_AiT6TAoYNFPUJQ,5.0,1.0,-4.0,akNwBcv_AiT6TAoYNFPUJQ,Russell
Hcu-EkVEVAzLRlgh5udipw,5.0,1.0,-4.0,Hcu-EkVEVAzLRlgh5udipw,Shannon
HaFfFZchBa7YXx-JgnU5AQ,5.0,1.0,-4.0,HaFfFZchBa7YXx-JgnU5AQ,Kimberly
c2kiOrJOSLy0Jpny0WV1Ag,5.0,1.0,-4.0,c2kiOrJOSLy0Jpny0WV1Ag,Rick
apVBfjIXEVaCbitekQFnFw,5.0,1.0,-4.0,apVBfjIXEVaCbitekQFnFw,Foodie
HlQn1C_Dcw4wBkP-uofvaw,5.0,1.0,-4.0,HlQn1C_Dcw4wBkP-uofvaw,Anna
HgR1fi_3ADy0gH2uKoA1Hg,5.0,1.0,-4.0,HgR1fi_3ADy0gH2uKoA1Hg,Danielle
c3h_eYQWCn1dcvxrRPkU9g,5.0,1.0,-4.0,c3h_eYQWCn1dcvxrRPkU9g,Teri
apmtdlEX_rpYh-LJOz54jA,5.0,1.0,-4.0,apmtdlEX_rpYh-LJOz54jA,Rick
HnWCQ4y08VdS4yBRCpthJQ,5.0,1.0,-4.0,HnWCQ4y08VdS4yBRCpthJQ,D
Hiw0wn4rcsryzOx6zdvUnQ,5.0,1.0,-4.0,Hiw0wn4rcsryzOx6zdvUnQ,Ryan
c6QjTgV3UV-74rXYBrwV0g,5.0,1.0,-4.0,c6QjTgV3UV-74rXYBrwV0g,Rose
aqt6bXGzs5gPM_4NpWJfIw,5.0,1.0,-4.0,aqt6bXGzs5gPM_4NpWJfIw,Kathy
HwMyzCnA3lXo7ydV98MKXw,5.0,1.0,-4.0,HwMyzCnA3lXo7ydV98MKXw,Spencer
HqBVwUEmHnmN947-2W3anw,5.0,1.0,-4.0,HqBVwUEmHnmN947-2W3anw,Adams
c8mWUW5xU8CY-o2YnMfOBg,5.0,1.0,-4.0,c8mWUW5xU8CY-o2YnMfOBg,Shakia
arTfbH6oA5gdWmgr8-YEgw,5.0,1.0,-4.0,arTfbH6oA5gdWmgr8-YEgw,Jo
Hyx1rV9uaMhXydTJpnYcVw,5.0,1.0,-4.0,Hyx1rV9uaMhXydTJpnYcVw,Chris
HrV-mbgcUKkptiGuaTXQNg,5.0,1.0,-4.0,HrV-mbgcUKkptiGuaTXQNg,Charisse
cG8clCLgOinCM0neoSE6Lw,5.0,1.0,-4.0,cG8clCLgOinCM0neoSE6Lw,Casey
avhL95eyqmBELW9dUFSytQ,5.0,1.0,-4.0,avhL95eyqmBELW9dUFSytQ,Sean
I1sLRZapFpnkP0RDhLyZVg,5.0,1.0,-4.0,I1sLRZapFpnkP0RDhLyZVg,Amanda
HuWw9Qdk0YLQdIF7alBnmw,5.0,1.0,-4.0,HuWw9Qdk0YLQdIF7alBnmw,Ashley
cIkDCjk1Bzankr7VD4bsig,5.0,1.0,-4.0,cIkDCjk1Bzankr7VD4bsig,Ashley
avibbJ4S0f-8r0iQDsXi5Q,5.0,1.0,-4.0,avibbJ4S0f-8r0iQDsXi5Q,Brett
I4vQZFa9ylKOIDFm9788Jw,5.0,1.0,-4.0,I4vQZFa9ylKOIDFm9788Jw,Rose
HvdqG0eYvpPJqIdo8EpyBg,5.0,1.0,-4.0,HvdqG0eYvpPJqIdo8EpyBg,Sheel
cJzp8OiasfB3HDL4DNj8-w,5.0,1.0,-4.0,cJzp8OiasfB3HDL4DNj8-w,MRD
b-hqAAJi54uABWGiy_XlQg,5.0,1.0,-4.0,b-hqAAJi54uABWGiy_XlQg,Christina
I9ATVG1Jy0mrJPeXY4JhdA,5.0,1.0,-4.0,I9ATVG1Jy0mrJPeXY4JhdA,Emma
Hz0IH5tNy6koLoi2tgoLGA,5.0,1.0,-4.0,Hz0IH5tNy6koLoi2tgoLGA,Kayla
cNmBvruZF8N58tsH-_ZdQw,5.0,1.0,-4.0,cNmBvruZF8N58tsH-_ZdQw,Olivia
b3EDYgTZG8VPXpuq1FOsGQ,5.0,1.0,-4.0,b3EDYgTZG8VPXpuq1FOsGQ,Alyson
IAteEJzdtFm1Pk95EEKMbw,5.0,1.0,-4.0,IAteEJzdtFm1Pk95EEKMbw,Raghavendra
I33NXeiigEioZ520wMkAWg,5.0,1.0,-4.0,I33NXeiigEioZ520wMkAWg,Mary
cS-4y36zR3_L7VA5Bsgq6w,5.0,1.0,-4.0,cS-4y36zR3_L7VA5Bsgq6w,Francis
b4RgoKb0br9LIE89Nbw2vQ,5.0,1.0,-4.0,b4RgoKb0br9LIE89Nbw2vQ,Kelsie
ICGHZf_xE3A01nHn0nUWKw,5.0,1.0,-4.0,ICGHZf_xE3A01nHn0nUWKw,Cheryl
I6AEp30JcK2Xl_YD6yMV5A,5.0,1.0,-4.0,I6AEp30JcK2Xl_YD6yMV5A,Sa
cS5J5Lw1xECApPjmk6dyJg,5.0,1.0,-4.0,cS5J5Lw1xECApPjmk6dyJg,Shauna
b5xHJwWnlqDTW3TxfjZWww,5.0,1.0,-4.0,b5xHJwWnlqDTW3TxfjZWww,Carol
IJqDZCok0pFRxiHnNA7-Bg,5.0,1.0,-4.0,IJqDZCok0pFRxiHnNA7-Bg,Priya
IBb-2ky8e5GURLZuEYRejw,5.0,1.0,-4.0,IBb-2ky8e5GURLZuEYRejw,Melissa
cS6YEWxgQ9u67HnMP9MHDQ,5.0,1.0,-4.0,cS6YEWxgQ9u67HnMP9MHDQ,QinQiong
bADB1XcrFwKfqGQkJLiLVA,5.0,1.0,-4.0,bADB1XcrFwKfqGQkJLiLVA,Berkedei
IX9v1afLElBSE8yLPEG8Sg,5.0,1.0,-4.0,IX9v1afLElBSE8yLPEG8Sg,Kari
IHf9_r6rZuu000TEYOavbQ,5.0,1.0,-4.0,IHf9_r6rZuu000TEYOavbQ,DerekD
cVKQdjwNo62MY-hU3PNvRg,5.0,1.0,-4.0,cVKQdjwNo62MY-hU3PNvRg,Darrell
bCeMu_uWS879nMy5r9Os5w,5.0,1.0,-4.0,bCeMu_uWS879nMy5r9Os5w,Travis
IaG7KutZol7OYPptFizz5g,5.0,1.0,-4.0,IaG7KutZol7OYPptFizz5g,Gina
IT6Rx0Kl0T_Dj8Rhk6Q2TA,5.0,1.0,-4.0,IT6Rx0Kl0T_Dj8Rhk6Q2TA,Trevor
caorYo2PbF_dux_qoZ8K1Q,5.0,1.0,-4.0,caorYo2PbF_dux_qoZ8K1Q,Elizabeth
bFWEPkrb9yREZVWH1ahiCg,5.0,1.0,-4.0,bFWEPkrb9yREZVWH1ahiCg,E
Ic6XBmg2xckcdTlupPOKeQ,5.0,1.0,-4.0,Ic6XBmg2xckcdTlupPOKeQ,Sanda
Ic3EgznTTSMfxEwX_gTRHQ,5.0,1.0,-4.0,Ic3EgznTTSMfxEwX_gTRHQ,Brenda
ccn0deyPakQd2ftfzFO_kw,5.0,1.0,-4.0,ccn0deyPakQd2ftfzFO_kw,Julianna
bHGQol9v3mWTAugxNWrIAw,5.0,1.0,-4.0,bHGQol9v3mWTAugxNWrIAw,Dulce
IdCTNEEcoea5DJAZ_aoR6w,5.0,1.0,-4.0,IdCTNEEcoea5DJAZ_aoR6w,Angela
Ie_4ru2mCaiw-uyzcodCoQ,5.0,1.0,-4.0,Ie_4ru2mCaiw-uyzcodCoQ,Octavio
